signal_time,direction,h4_bias,h1_bias,h4_event,h1_event,tier,setup_type,sweep,displacement_time,ob_time,entry,sl,risk_pips,tp1,tp2,tp1_rr,tp2_rr,tp1_liquidity,tp2_liquidity
2026-09-23T10:15:00,BUY,NEUTRAL,NEUTRAL,NONE,NONE,B_TIER_SCOUT,SCOUT,SELL_SIDE_SWEEP,2026-09-23T11:00:00,2026-09-23T10:30:00,1.3281,1.32789,2.1,1.32862,1.3289,2.49,3.83,EQUAL_LIQUIDITY,SWING_HIGH
2026-09-23T12:45:00,BUY,NEUTRAL,BEARISH,NONE,NONE,B_TIER_SCOUT,SCOUT,SELL_SIDE_SWEEP,2026-09-23T13:15:00,2026-09-23T13:00:00,1.32725,1.32627,9.7,1.3289,1.32962,1.7,2.44,SWING_HIGH,EQUAL_LIQUIDITY
2026-09-24T07:45:00,SELL,NEUTRAL,BEARISH,NONE,CHoCH,A_TIER_CONTINUATION,CONTINUATION,BUY_SIDE_SWEEP,2026-09-24T08:30:00,2026-09-24T07:45:00,1.32512,1.32578,6.6,1.32412,1.32377,1.53,2.06,EQUAL_LIQUIDITY,EQUAL_LIQUIDITY
2026-09-28T12:15:00,SELL,BULLISH,BULLISH,BOS,NONE,B_TIER_SCOUT,SCOUT,BUY_SIDE_SWEEP,2026-09-28T13:00:00,2026-09-28T12:45:00,1.3255,1.3269,14.0,1.32336,1.32268,1.53,2.02,EQUAL_LIQUIDITY,EQUAL_LIQUIDITY
2026-09-29T10:00:00,BUY,BEARISH,BEARISH,NONE,BOS,A_TIER_REVERSAL,REVERSAL,SELL_SIDE_SWEEP,2026-09-29T10:30:00,2026-09-29T10:00:00,1.32254,1.32213,4.1,1.32315,1.32363,1.51,2.69,EQUAL_LIQUIDITY,EQUAL_LIQUIDITY
2026-09-30T03:00:00,SELL,NEUTRAL,NEUTRAL,NONE,NONE,B_TIER_SCOUT,SCOUT,BUY_SIDE_SWEEP,2026-09-30T03:45:00,2026-09-30T03:15:00,1.32326,1.32354,2.8,1.32284,1.32268,1.52,2.1,EQUAL_LIQUIDITY,EQUAL_LIQUIDITY
2026-10-01T03:00:00,BUY,BULLISH,BEARISH,NONE,BOS,B_TIER_SCOUT,SCOUT,SELL_SIDE_SWEEP,2026-10-01T03:45:00,2026-10-01T03:15:00,1.32534,1.32518,1.6,1.32559,1.32575,1.51,2.49,EQUAL_LIQUIDITY,EQUAL_LIQUIDITY
2026-10-01T05:15:00,BUY,NEUTRAL,BEARISH,NONE,BOS,A_TIER_REVERSAL,REVERSAL,SELL_SIDE_SWEEP,2026-10-01T06:00:00,2026-10-01T05:45:00,1.32478,1.32457,2.1,1.32525,1.3253,2.19,2.42,EQUAL_LIQUIDITY,EQUAL_LIQUIDITY
2026-10-02T01:15:00,BUY,BEARISH,BEARISH,BOS,NONE,B_TIER_SCOUT,SCOUT,SELL_SIDE_SWEEP,2026-10-02T02:00:00,2026-10-02T01:15:00,1.31855,1.31832,2.3,1.31892,1.31909,1.59,2.32,EQUAL_LIQUIDITY,EQUAL_LIQUIDITY
2026-10-02T05:30:00,SELL,BEARISH,BULLISH,NONE,BOS,B_TIER_SCOUT,SCOUT,BUY_SIDE_SWEEP,2026-10-02T05:45:00,2026-10-02T05:30:00,1.32098,1.32129,3.0,1.32037,1.31987,2.03,3.68,EQUAL_LIQUIDITY,EQUAL_LIQUIDITY
2026-10-05T08:45:00,SELL,NEUTRAL,BEARISH,NONE,NONE,B_TIER_SCOUT,SCOUT,BUY_SIDE_SWEEP,2026-10-05T09:30:00,2026-10-05T09:15:00,1.32366,1.32418,5.2,1.32284,1.32258,1.56,2.05,EQUAL_LIQUIDITY,EQUAL_LIQUIDITY
