pair,signal_time,direction,h4_bias,h1_bias,h1_event,tier,setup_type,entry,sl,risk_pips,tp1,tp2,tp1_rr,tp2_rr,outcome,exit_time
EUR/USD,2026-10-02T12:15:00,BUY,BEARISH,BULLISH,CHoCH,A_CONTINUATION,CONTINUATION,1.122655,1.122057,6.0,1.12419,1.12423,2.57,2.63,MISSED,2026-10-02T16:45:00
EUR/USD,2026-10-02T18:45:00,BUY,BEARISH,NEUTRAL,NONE,A_REVERSAL,REVERSAL,1.12508,1.124791,2.9,1.12558,1.1258,1.73,2.5,TP2,2026-10-02T21:00:00
EUR/JPY,2026-10-05T10:45:00,BUY,BEARISH,BULLISH,BOS,A_CONTINUATION,CONTINUATION,176.905,176.826601,7.8,177.05523,177.08159,1.92,2.25,TP2,2026-10-05T14:45:00
GBP/USD,2026-09-24T07:45:00,SELL,NEUTRAL,BEARISH,CHoCH,A_CONTINUATION,CONTINUATION,1.325125,1.325782,6.6,1.32403,1.32372,1.67,2.14,MISSED,2026-09-24T12:30:00
AUD/USD,2026-09-30T00:00:00,BUY,BEARISH,NEUTRAL,NONE,A_REVERSAL,REVERSAL,0.698635,0.698192,4.4,0.69935,0.69959,1.61,2.16,INVALIDATED,2026-09-30T01:30:00
AUD/USD,2026-10-01T06:30:00,SELL,BEARISH,BEARISH,CHoCH,S_TIER,CONTINUATION,0.6951,0.695514,4.1,0.69444,0.69424,1.59,2.08,MISSED,2026-10-01T11:15:00
USD/CAD,2026-09-28T14:15:00,BUY,BULLISH,BULLISH,NONE,S_TIER,CONTINUATION,1.416055,1.415569,4.9,1.41693,1.41711,1.8,2.17,TP2,2026-09-28T16:15:00
NZD/USD,2026-09-24T00:15:00,BUY,NEUTRAL,BULLISH,CHoCH,A_CONTINUATION,CONTINUATION,0.567515,0.567,5.2,0.56848,0.56941,1.87,3.68,INVALIDATED,2026-09-24T02:00:00
NZD/USD,2026-09-29T21:45:00,SELL,BEARISH,BEARISH,CHoCH,S_TIER,CONTINUATION,0.564455,0.564961,5.1,0.56365,0.56296,1.59,2.95,OPEN,2026-09-30T01:30:00
