datetime;open;high;low;close
2026-09-23 00:00:00;1.33429;1.33437;1.33399;1.33408
2026-09-23 00:15:00;1.33409;1.33419;1.33384;1.33408
2026-09-23 00:30:00;1.33405;1.3341;1.33369;1.33398
2026-09-23 00:45:00;1.33394;1.33406;1.33374;1.3338
2026-09-23 01:00:00;1.33377;1.33381;1.33335;1.33341
2026-09-23 01:15:00;1.33338;1.33346;1.33267;1.33268
2026-09-23 01:30:00;1.33271;1.33323;1.33264;1.33303
2026-09-23 01:45:00;1.33303;1.33308;1.33271;1.33272
2026-09-23 02:00:00;1.33273;1.33282;1.33232;1.33237
2026-09-23 02:15:00;1.33232;1.33272;1.33231;1.33268
2026-09-23 02:30:00;1.33267;1.33277;1.3325;1.33272
2026-09-23 02:45:00;1.33269;1.33272;1.33227;1.33245
2026-09-23 03:00:00;1.33239;1.33245;1.33225;1.33233
2026-09-23 03:15:00;1.3323;1.33237;1.33177;1.33222
2026-09-23 03:30:00;1.3322;1.33223;1.33181;1.33182
2026-09-23 03:45:00;1.33184;1.332;1.33156;1.33157
2026-09-23 04:00:00;1.33159;1.33177;1.33155;1.33176
2026-09-23 04:15:00;1.33174;1.33203;1.33164;1.33192
2026-09-23 04:30:00;1.3319;1.33198;1.33177;1.33178
2026-09-23 04:45:00;1.33179;1.33184;1.33154;1.33166
2026-09-23 05:00:00;1.33162;1.33177;1.33158;1.33169
2026-09-23 05:15:00;1.33167;1.33177;1.33163;1.33173
2026-09-23 05:30:00;1.3317;1.3317;1.3314;1.33143
2026-09-23 05:45:00;1.33147;1.33147;1.33113;1.33127
2026-09-23 06:00:00;1.33132;1.33147;1.33096;1.33105
2026-09-23 06:15:00;1.331;1.33143;1.3309;1.33142
2026-09-23 06:30:00;1.33137;1.33184;1.33124;1.33182
2026-09-23 06:45:00;1.33181;1.33225;1.33172;1.33179
2026-09-23 07:00:00;1.33179;1.33179;1.33101;1.33117
2026-09-23 07:15:00;1.33116;1.33163;1.3311;1.33125
2026-09-23 07:30:00;1.33119;1.33142;1.33078;1.33095
2026-09-23 07:45:00;1.33087;1.33103;1.33016;1.33039
2026-09-23 08:00:00;1.33032;1.33032;1.32971;1.32974
2026-09-23 08:15:00;1.3298;1.3306;1.32938;1.33054
2026-09-23 08:30:00;1.3305;1.33098;1.33044;1.33079
2026-09-23 08:45:00;1.33078;1.33086;1.33032;1.33032
2026-09-23 09:00:00;1.33032;1.33042;1.32952;1.32963
2026-09-23 09:15:00;1.32962;1.32962;1.32904;1.32908
2026-09-23 09:30:00;1.32912;1.32933;1.3285;1.32851
2026-09-23 09:45:00;1.32852;1.32859;1.32806;1.3282
2026-09-23 10:00:00;1.32819;1.3289;1.32802;1.32829
2026-09-23 10:15:00;1.3284;1.32862;1.328;1.32833
2026-09-23 10:30:00;1.32831;1.32836;1.32784;1.32792
2026-09-23 10:45:00;1.3279;1.32911;1.32779;1.32904
2026-09-23 11:00:00;1.32893;1.32962;1.32893;1.32956
2026-09-23 11:15:00;1.32948;1.32961;1.3285;1.32853
2026-09-23 11:30:00;1.32857;1.32862;1.32747;1.32751
2026-09-23 11:45:00;1.32754;1.32841;1.32754;1.32807
2026-09-23 12:00:00;1.32804;1.32809;1.32735;1.32737
2026-09-23 12:15:00;1.32741;1.32772;1.32728;1.32733
2026-09-23 12:30:00;1.32738;1.32738;1.32644;1.32656
2026-09-23 12:45:00;1.32661;1.32753;1.3264;1.32751
2026-09-23 13:00:00;1.32746;1.32779;1.3267;1.3269
2026-09-23 13:15:00;1.32686;1.32876;1.32653;1.32869
2026-09-23 13:30:00;1.32855;1.32881;1.32767;1.32773
2026-09-23 13:45:00;1.32783;1.32783;1.32507;1.32616
2026-09-23 14:00:00;1.3261;1.32673;1.32605;1.32643
2026-09-23 14:15:00;1.32638;1.32638;1.32496;1.32498
2026-09-23 14:30:00;1.32501;1.32631;1.32494;1.32582
2026-09-23 14:45:00;1.32582;1.32681;1.32494;1.3264
2026-09-23 15:00:00;1.32634;1.32656;1.32575;1.3263
2026-09-23 15:15:00;1.32619;1.32648;1.3257;1.32572
2026-09-23 15:30:00;1.32576;1.32582;1.32528;1.3254
2026-09-23 15:45:00;1.32538;1.32554;1.32477;1.32521
2026-09-23 16:00:00;1.32535;1.32535;1.32482;1.32493
2026-09-23 16:15:00;1.32494;1.32538;1.32492;1.32496
2026-09-23 16:30:00;1.32497;1.32506;1.32435;1.32486
2026-09-23 16:45:00;1.32491;1.32491;1.32315;1.32344
2026-09-23 17:00:00;1.32349;1.32365;1.32247;1.32261
2026-09-23 17:15:00;1.32259;1.32382;1.32231;1.32365
2026-09-23 17:30:00;1.32367;1.32491;1.32336;1.32482
2026-09-23 17:45:00;1.32461;1.32538;1.32461;1.32529
2026-09-23 18:00:00;1.32522;1.32554;1.32471;1.32472
2026-09-23 18:15:00;1.32474;1.32481;1.32408;1.3241
2026-09-23 18:30:00;1.32411;1.32436;1.32396;1.32418
2026-09-23 18:45:00;1.32419;1.32447;1.32399;1.32423
2026-09-23 19:00:00;1.32422;1.32454;1.32406;1.32436
2026-09-23 19:15:00;1.32442;1.32442;1.32389;1.32428
2026-09-23 19:30:00;1.32422;1.32438;1.32414;1.32429
2026-09-23 19:45:00;1.32429;1.32442;1.32419;1.32422
2026-09-23 20:00:00;1.32419;1.32461;1.32408;1.32417
2026-09-23 20:15:00;1.32418;1.32431;1.32405;1.32418
2026-09-23 20:30:00;1.32419;1.32427;1.32394;1.32404
2026-09-23 20:45:00;1.32405;1.32409;1.32384;1.32405
2026-09-23 21:00:00;1.32401;1.32509;1.32362;1.32421
2026-09-23 21:15:00;1.3242;1.32443;1.32414;1.32434
2026-09-23 21:30:00;1.32436;1.32477;1.32423;1.32466
2026-09-23 21:45:00;1.32467;1.32472;1.32403;1.32406
2026-09-23 22:00:00;1.32407;1.32435;1.32407;1.32414
2026-09-23 22:15:00;1.32418;1.32432;1.32412;1.32427
2026-09-23 22:30:00;1.32427;1.32437;1.32415;1.32428
2026-09-23 22:45:00;1.32428;1.32435;1.32421;1.32422
2026-09-23 23:00:00;1.32421;1.32461;1.32411;1.32423
2026-09-23 23:15:00;1.32421;1.32425;1.32377;1.32381
2026-09-23 23:30:00;1.3238;1.32393;1.32372;1.3239
2026-09-23 23:45:00;1.32388;1.32405;1.32377;1.32387
2026-09-24 00:00:00;1.32385;1.32409;1.32368;1.32372
2026-09-24 00:15:00;1.3237;1.3237;1.3229;1.32322
2026-09-24 00:30:00;1.32323;1.32333;1.32292;1.32293
2026-09-24 00:45:00;1.32293;1.323;1.32227;1.32279
2026-09-24 01:00:00;1.32263;1.32359;1.32263;1.32357
2026-09-24 01:15:00;1.32354;1.32365;1.32303;1.3232
2026-09-24 01:30:00;1.32316;1.32343;1.32304;1.32341
2026-09-24 01:45:00;1.32337;1.3238;1.32303;1.32306
2026-09-24 02:00:00;1.32312;1.32325;1.32249;1.3226
2026-09-24 02:15:00;1.32257;1.32315;1.32253;1.32311
2026-09-24 02:30:00;1.32302;1.32408;1.32302;1.32405
2026-09-24 02:45:00;1.32401;1.32434;1.32391;1.32429
2026-09-24 03:00:00;1.32428;1.32452;1.32404;1.32424
2026-09-24 03:15:00;1.32419;1.32424;1.32383;1.32389
2026-09-24 03:30:00;1.32398;1.32398;1.32357;1.32359
2026-09-24 03:45:00;1.32362;1.32371;1.32352;1.32353
2026-09-24 04:00:00;1.32355;1.32365;1.3234;1.32364
2026-09-24 04:15:00;1.32361;1.32394;1.32357;1.32391
2026-09-24 04:30:00;1.32387;1.32429;1.32387;1.32428
2026-09-24 04:45:00;1.32426;1.32449;1.32423;1.32432
2026-09-24 05:00:00;1.32433;1.32448;1.32405;1.32414
2026-09-24 05:15:00;1.32412;1.32422;1.32391;1.32412
2026-09-24 05:30:00;1.32407;1.32441;1.32403;1.3241
2026-09-24 05:45:00;1.32414;1.32414;1.32329;1.32332
2026-09-24 06:00:00;1.32334;1.32501;1.3233;1.32498
2026-09-24 06:15:00;1.32497;1.32497;1.32442;1.32474
2026-09-24 06:30:00;1.32467;1.32491;1.32398;1.32432
2026-09-24 06:45:00;1.3242;1.32461;1.32404;1.32439
2026-09-24 07:00:00;1.3244;1.32468;1.32412;1.32416
2026-09-24 07:15:00;1.32423;1.32471;1.32396;1.32468
2026-09-24 07:30:00;1.32457;1.32487;1.32419;1.32469
2026-09-24 07:45:00;1.32457;1.32568;1.32457;1.3248
2026-09-24 08:00:00;1.3248;1.32546;1.32455;1.32473
2026-09-24 08:15:00;1.32476;1.32482;1.32399;1.32419
2026-09-24 08:30:00;1.32414;1.32459;1.3236;1.32371
2026-09-24 08:45:00;1.32392;1.32397;1.32326;1.32385
2026-09-24 09:00:00;1.32379;1.32426;1.32314;1.32318
2026-09-24 09:15:00;1.3232;1.32359;1.32294;1.32316
2026-09-24 09:30:00;1.32322;1.32328;1.3226;1.32265
2026-09-24 09:45:00;1.32272;1.32296;1.32256;1.32277
2026-09-24 10:00:00;1.32282;1.32302;1.32242;1.32252
2026-09-24 10:15:00;1.32253;1.32256;1.32151;1.32195
2026-09-24 10:30:00;1.32193;1.32301;1.32174;1.32242
2026-09-24 10:45:00;1.32255;1.32294;1.32224;1.32287
2026-09-24 11:00:00;1.32276;1.32303;1.32237;1.32252
2026-09-24 11:15:00;1.32253;1.32321;1.32232;1.3232
2026-09-24 11:30:00;1.32316;1.32316;1.32235;1.32241
2026-09-24 11:45:00;1.32238;1.32263;1.32214;1.32215
2026-09-24 12:00:00;1.32217;1.3223;1.32168;1.32209
2026-09-24 12:15:00;1.322;1.32263;1.32198;1.32225
2026-09-24 12:30:00;1.32219;1.3227;1.32158;1.32232
2026-09-24 12:45:00;1.32244;1.32321;1.32219;1.32316
2026-09-24 13:00:00;1.32306;1.32353;1.32231;1.32268
2026-09-24 13:15:00;1.32272;1.32298;1.32187;1.32198
2026-09-24 13:30:00;1.32218;1.32235;1.32167;1.322
2026-09-24 13:45:00;1.32195;1.32238;1.32195;1.32228
2026-09-24 14:00:00;1.32227;1.3227;1.32179;1.32244
2026-09-24 14:15:00;1.32245;1.32256;1.32155;1.32168
2026-09-24 14:30:00;1.32167;1.32174;1.32114;1.32119
2026-09-24 14:45:00;1.32127;1.32193;1.32116;1.32189
2026-09-24 15:00:00;1.32187;1.32196;1.32112;1.32114
2026-09-24 15:15:00;1.32116;1.32179;1.32102;1.32173
2026-09-24 15:30:00;1.32164;1.32182;1.32103;1.32129
2026-09-24 15:45:00;1.3212;1.32171;1.3212;1.32146
2026-09-24 16:00:00;1.32153;1.3218;1.32139;1.32147
2026-09-24 16:15:00;1.32146;1.32419;1.32087;1.32367
2026-09-24 16:30:00;1.3236;1.32387;1.32302;1.32356
2026-09-24 16:45:00;1.32365;1.32365;1.32287;1.32299
2026-09-24 17:00:00;1.32296;1.3235;1.32272;1.32302
2026-09-24 17:15:00;1.32293;1.32312;1.32198;1.32204
2026-09-24 17:30:00;1.32206;1.3223;1.32158;1.32162
2026-09-24 17:45:00;1.32169;1.32169;1.32113;1.32129
2026-09-24 18:00:00;1.32121;1.3218;1.32048;1.32177
2026-09-24 18:15:00;1.32171;1.32211;1.32141;1.32208
2026-09-24 18:30:00;1.32204;1.32226;1.32148;1.32151
2026-09-24 18:45:00;1.32155;1.32193;1.32153;1.32188
2026-09-24 19:00:00;1.32185;1.32188;1.32131;1.32142
2026-09-24 19:15:00;1.3214;1.32171;1.32121;1.32163
2026-09-24 19:30:00;1.32163;1.32174;1.32146;1.32168
2026-09-24 19:45:00;1.32155;1.32207;1.32155;1.32206
2026-09-24 20:00:00;1.32201;1.32213;1.32178;1.32182
2026-09-24 20:15:00;1.32189;1.32189;1.32123;1.3214
2026-09-24 20:30:00;1.32137;1.3218;1.32114;1.32179
2026-09-24 20:45:00;1.32176;1.322;1.32172;1.322
2026-09-24 21:00:00;1.32197;1.32198;1.32169;1.32173
2026-09-24 21:15:00;1.32171;1.32178;1.3216;1.32162
2026-09-24 21:30:00;1.32164;1.32177;1.32139;1.32152
2026-09-24 21:45:00;1.32145;1.3216;1.32135;1.32138
2026-09-24 22:00:00;1.32137;1.32198;1.32134;1.32151
2026-09-24 22:15:00;1.32152;1.32175;1.32147;1.32167
2026-09-24 22:30:00;1.32167;1.32168;1.32151;1.32164
2026-09-24 22:45:00;1.32159;1.32173;1.32159;1.32167
2026-09-24 23:00:00;1.32166;1.32172;1.32153;1.32157
2026-09-24 23:15:00;1.32155;1.32163;1.32141;1.32158
2026-09-24 23:30:00;1.32155;1.32172;1.32145;1.32149
2026-09-24 23:45:00;1.3215;1.32155;1.32102;1.32105
2026-09-25 00:00:00;1.32109;1.32136;1.32095;1.32116
2026-09-25 00:15:00;1.32113;1.32132;1.32101;1.32125
2026-09-25 00:30:00;1.32125;1.32128;1.32105;1.3212
2026-09-25 00:45:00;1.32119;1.32155;1.32102;1.32154
2026-09-25 01:00:00;1.32151;1.32225;1.32138;1.32221
2026-09-25 01:15:00;1.32207;1.32236;1.32187;1.32199
2026-09-25 01:30:00;1.32198;1.32198;1.32156;1.32171
2026-09-25 01:45:00;1.32172;1.32188;1.32133;1.32147
2026-09-25 02:00:00;1.32138;1.32191;1.32138;1.32178
2026-09-25 02:15:00;1.32176;1.32188;1.32162;1.3218
2026-09-25 02:30:00;1.32175;1.32186;1.32147;1.32178
2026-09-25 02:45:00;1.32171;1.32182;1.32132;1.32135
2026-09-25 03:00:00;1.32136;1.32142;1.32111;1.32122
2026-09-25 03:15:00;1.3212;1.32134;1.32114;1.32118
2026-09-25 03:30:00;1.32122;1.32126;1.32107;1.32122
2026-09-25 03:45:00;1.32118;1.32127;1.32107;1.32118
2026-09-25 04:00:00;1.3212;1.32139;1.32107;1.32128
2026-09-25 04:15:00;1.32126;1.32127;1.32107;1.32124
2026-09-25 04:30:00;1.32121;1.32135;1.32121;1.32133
2026-09-25 04:45:00;1.32132;1.32145;1.32115;1.3213
2026-09-25 05:00:00;1.32124;1.32163;1.32124;1.32161
2026-09-25 05:15:00;1.32159;1.32172;1.32146;1.32155
2026-09-25 05:30:00;1.32152;1.32203;1.32152;1.32182
2026-09-25 05:45:00;1.32177;1.32189;1.32151;1.32174
2026-09-25 06:00:00;1.32166;1.3225;1.32166;1.32248
2026-09-25 06:15:00;1.32241;1.32293;1.32241;1.32275
2026-09-25 06:30:00;1.32272;1.32283;1.32224;1.32255
2026-09-25 06:45:00;1.32255;1.32291;1.3223;1.32265
2026-09-25 07:00:00;1.3227;1.3227;1.32171;1.32218
2026-09-25 07:15:00;1.32215;1.32237;1.32198;1.32207
2026-09-25 07:30:00;1.32205;1.32252;1.32181;1.32238
2026-09-25 07:45:00;1.32234;1.32309;1.32234;1.32286
2026-09-25 08:00:00;1.32295;1.32395;1.32281;1.32391
2026-09-25 08:15:00;1.32384;1.32415;1.32354;1.32366
2026-09-25 08:30:00;1.32363;1.32363;1.32319;1.32359
2026-09-25 08:45:00;1.32358;1.32396;1.32328;1.32331
2026-09-25 09:00:00;1.32337;1.32372;1.32315;1.32359
2026-09-25 09:15:00;1.32363;1.32387;1.32323;1.32334
2026-09-25 09:30:00;1.32356;1.32408;1.32301;1.32405
2026-09-25 09:45:00;1.32403;1.32415;1.32343;1.32414
2026-09-25 10:00:00;1.32411;1.32499;1.32403;1.32498
2026-09-25 10:15:00;1.32495;1.32503;1.32447;1.3245
2026-09-25 10:30:00;1.32447;1.32469;1.32426;1.32467
2026-09-25 10:45:00;1.32463;1.32475;1.32439;1.3245
2026-09-25 11:00:00;1.32452;1.32543;1.32426;1.32528
2026-09-25 11:15:00;1.32533;1.32573;1.32528;1.32544
2026-09-25 11:30:00;1.32548;1.32562;1.32506;1.32529
2026-09-25 11:45:00;1.32526;1.32547;1.32491;1.32511
2026-09-25 12:00:00;1.32512;1.32534;1.32498;1.325
2026-09-25 12:15:00;1.32503;1.32571;1.32481;1.3257
2026-09-25 12:30:00;1.32569;1.32569;1.32524;1.32527
2026-09-25 12:45:00;1.32531;1.32575;1.32514;1.3255
2026-09-25 13:00:00;1.32551;1.32638;1.32551;1.32606
2026-09-25 13:15:00;1.32602;1.32612;1.32508;1.3251
2026-09-25 13:30:00;1.32512;1.32579;1.32503;1.32557
2026-09-25 13:45:00;1.32561;1.32605;1.32524;1.32542
2026-09-25 14:00:00;1.32539;1.32539;1.32422;1.32481
2026-09-25 14:15:00;1.32485;1.32493;1.32417;1.32419
2026-09-25 14:30:00;1.32422;1.32462;1.3241;1.32429
2026-09-25 14:45:00;1.32438;1.32517;1.32419;1.32453
2026-09-25 15:00:00;1.32458;1.32468;1.32338;1.32366
2026-09-25 15:15:00;1.32356;1.32411;1.32336;1.324
2026-09-25 15:30:00;1.3239;1.32446;1.32335;1.32363
2026-09-25 15:45:00;1.32358;1.32451;1.32301;1.32436
2026-09-25 16:00:00;1.32399;1.32626;1.32399;1.32597
2026-09-25 16:15:00;1.32604;1.32604;1.32462;1.32518
2026-09-25 16:30:00;1.32515;1.32531;1.32433;1.32451
2026-09-25 16:45:00;1.32451;1.32464;1.32399;1.3244
2026-09-25 17:00:00;1.32437;1.32462;1.32422;1.32437
2026-09-25 17:15:00;1.32438;1.3244;1.32414;1.32424
2026-09-25 17:30:00;1.32423;1.3247;1.32403;1.32469
2026-09-25 17:45:00;1.32464;1.32474;1.32415;1.32417
2026-09-25 18:00:00;1.32418;1.32459;1.32416;1.32454
2026-09-25 18:15:00;1.32451;1.32503;1.32438;1.32462
2026-09-25 18:30:00;1.32469;1.32542;1.32469;1.32527
2026-09-25 18:45:00;1.32522;1.32541;1.32509;1.32513
2026-09-25 19:00:00;1.32518;1.3254;1.32494;1.32534
2026-09-25 19:15:00;1.32532;1.32542;1.32506;1.32516
2026-09-25 19:30:00;1.32514;1.32549;1.32499;1.32539
2026-09-25 19:45:00;1.32533;1.3254;1.32498;1.32501
2026-09-25 20:00:00;1.32504;1.32512;1.32467;1.3247
2026-09-25 20:15:00;1.32469;1.32474;1.32447;1.32448
2026-09-25 20:30:00;1.32451;1.32481;1.32437;1.32462
2026-09-25 20:45:00;1.32464;1.32471;1.32433;1.32466
2026-09-25 21:00:00;1.32462;1.32498;1.32444;1.32468
2026-09-25 21:15:00;1.32467;1.3251;1.32464;1.32475
2026-09-25 21:30:00;1.32474;1.32509;1.32455;1.3246
2026-09-25 21:45:00;1.32472;1.32506;1.32445;1.32493
2026-09-25 22:00:00;1.32482;1.32527;1.3245;1.3248
2026-09-25 22:15:00;1.32477;1.32488;1.3247;1.32478
2026-09-25 22:30:00;1.3248;1.32489;1.32472;1.32474
2026-09-25 22:45:00;1.32476;1.3249;1.32469;1.32476
2026-09-25 23:00:00;1.32477;1.3249;1.32445;1.32489
2026-09-25 23:15:00;1.32484;1.32489;1.32471;1.32476
2026-09-25 23:30:00;1.32478;1.32486;1.32473;1.32484
2026-09-25 23:45:00;1.32482;1.32489;1.3247;1.32476
2026-09-26 00:00:00;1.32477;1.32491;1.32445;1.32464
2026-09-26 00:15:00;1.32461;1.32473;1.32459;1.32462
2026-09-26 00:30:00;1.32463;1.3247;1.3246;1.32465
2026-09-26 00:45:00;1.32462;1.32473;1.32458;1.32462
2026-09-26 01:00:00;1.32462;1.32469;1.3246;1.32466
2026-09-26 01:15:00;1.32464;1.32471;1.3246;1.32462
2026-09-26 01:30:00;1.32462;1.32478;1.32456;1.32463
2026-09-26 01:45:00;1.32463;1.32469;1.32457;1.32458
2026-09-26 02:00:00;1.32459;1.32472;1.32456;1.32465
2026-09-26 02:15:00;1.32463;1.32468;1.32455;1.32458
2026-09-26 02:30:00;1.32459;1.32473;1.32455;1.32462
2026-09-26 02:45:00;1.3246;1.32472;1.32457;1.32458
2026-09-26 03:00:00;1.3246;1.32466;1.32456;1.32463
2026-09-26 03:15:00;1.3246;1.32478;1.32438;1.32456
2026-09-26 03:30:00;1.3245;1.32468;1.3245;1.32461
2026-09-26 03:45:00;1.32461;1.3247;1.32455;1.32456
2026-09-26 04:00:00;1.32458;1.32473;1.32457;1.32465
2026-09-26 04:15:00;1.32463;1.32467;1.32454;1.32458
2026-09-26 04:30:00;1.32458;1.3247;1.32455;1.32458
2026-09-26 04:45:00;1.32459;1.32467;1.32454;1.32455
2026-09-26 05:00:00;1.32458;1.3248;1.32457;1.32463
2026-09-26 05:15:00;1.32461;1.3247;1.32453;1.32459
2026-09-26 05:30:00;1.32459;1.32468;1.32455;1.32464
2026-09-26 05:45:00;1.32464;1.32477;1.32457;1.32461
2026-09-26 06:00:00;1.32462;1.32468;1.32455;1.32464
2026-09-26 06:15:00;1.32463;1.32478;1.3245;1.32462
2026-09-26 06:30:00;1.32459;1.32475;1.32457;1.32465
2026-09-26 06:45:00;1.32469;1.32475;1.32455;1.32455
2026-09-26 07:00:00;1.32458;1.32477;1.32455;1.32461
2026-09-26 07:15:00;1.3246;1.32465;1.32456;1.32461
2026-09-26 07:30:00;1.32457;1.32472;1.32453;1.32461
2026-09-26 07:45:00;1.3246;1.32477;1.32452;1.3246
2026-09-26 08:00:00;1.32462;1.32467;1.32447;1.32461
2026-09-26 08:15:00;1.32459;1.32478;1.32457;1.32465
2026-09-26 08:30:00;1.32462;1.32468;1.3246;1.32464
2026-09-26 08:45:00;1.32462;1.32477;1.3246;1.32461
2026-09-26 09:00:00;1.32461;1.32476;1.32453;1.3247
2026-09-26 09:15:00;1.32469;1.32469;1.3246;1.32464
2026-09-26 09:30:00;1.32462;1.32477;1.3246;1.32465
2026-09-26 09:45:00;1.32463;1.32467;1.32461;1.32461
2026-09-26 10:00:00;1.32461;1.32478;1.3245;1.32461
2026-09-26 10:15:00;1.32462;1.32478;1.32458;1.32465
2026-09-26 10:30:00;1.32466;1.32468;1.3246;1.32465
2026-09-26 10:45:00;1.32462;1.32476;1.32454;1.32461
2026-09-26 11:00:00;1.32462;1.32468;1.32459;1.32465
2026-09-26 11:15:00;1.32462;1.32473;1.32459;1.32463
2026-09-26 11:30:00;1.32462;1.32486;1.32456;1.32485
2026-09-26 11:45:00;1.32481;1.32481;1.32461;1.32465
2026-09-26 12:00:00;1.32463;1.32478;1.32461;1.32463
2026-09-26 12:15:00;1.32464;1.3247;1.32461;1.32465
2026-09-26 12:30:00;1.32463;1.32478;1.32461;1.32466
2026-09-26 12:45:00;1.32464;1.32478;1.32456;1.32477
2026-09-26 13:00:00;1.32473;1.32473;1.32462;1.32462
2026-09-26 13:15:00;1.32463;1.32486;1.3246;1.32465
2026-09-26 13:30:00;1.32465;1.32469;1.32457;1.32466
2026-09-26 13:45:00;1.32463;1.32482;1.32461;1.32465
2026-09-26 14:00:00;1.32463;1.32482;1.32461;1.3248
2026-09-26 14:15:00;1.32475;1.32475;1.32462;1.32464
2026-09-26 14:30:00;1.32464;1.32479;1.32454;1.32467
2026-09-26 14:45:00;1.32464;1.32469;1.32461;1.32465
2026-09-26 15:00:00;1.32463;1.32484;1.32463;1.32463
2026-09-26 15:15:00;1.32463;1.32478;1.32461;1.32476
2026-09-26 15:30:00;1.32473;1.32475;1.32462;1.32465
2026-09-26 15:45:00;1.32463;1.32478;1.32461;1.32467
2026-09-26 16:00:00;1.32464;1.32469;1.32461;1.32463
2026-09-26 16:15:00;1.32464;1.32479;1.32452;1.32462
2026-09-26 16:30:00;1.32463;1.32479;1.32461;1.3247
2026-09-26 16:45:00;1.32466;1.32484;1.32462;1.32467
2026-09-26 17:00:00;1.32464;1.32479;1.32452;1.32463
2026-09-26 17:15:00;1.32464;1.32469;1.32461;1.32462
2026-09-26 17:30:00;1.32463;1.32478;1.32461;1.32465
2026-09-26 17:45:00;1.32463;1.32472;1.32462;1.3247
2026-09-26 18:00:00;1.32461;1.32478;1.32461;1.32464
2026-09-26 18:15:00;1.32463;1.32484;1.32461;1.32464
2026-09-26 18:30:00;1.32465;1.32468;1.32457;1.32463
2026-09-26 18:45:00;1.32461;1.32478;1.3245;1.32472
2026-09-26 19:00:00;1.32469;1.32475;1.32462;1.32471
2026-09-26 19:15:00;1.32464;1.3248;1.32464;1.32469
2026-09-26 19:30:00;1.3247;1.32484;1.32465;1.32476
2026-09-26 19:45:00;1.32473;1.32476;1.32468;1.32473
2026-09-26 20:00:00;1.3247;1.32496;1.32463;1.32466
2026-09-26 20:15:00;1.32464;1.32481;1.32453;1.32456
2026-09-26 20:30:00;1.32466;1.32482;1.32462;1.32464
2026-09-26 20:45:00;1.32464;1.32478;1.32462;1.32473
2026-09-26 21:00:00;1.3247;1.32475;1.32462;1.32466
2026-09-26 21:15:00;1.32464;1.32482;1.32461;1.32471
2026-09-26 21:30:00;1.32471;1.32494;1.32465;1.32469
2026-09-26 21:45:00;1.32478;1.32496;1.32466;1.32476
2026-09-26 22:00:00;1.32474;1.32484;1.32464;1.32481
2026-09-26 22:15:00;1.32478;1.32484;1.32476;1.32478
2026-09-26 22:30:00;1.32478;1.32493;1.3247;1.32487
2026-09-26 22:45:00;1.32487;1.32493;1.32473;1.32475
2026-09-26 23:00:00;1.32478;1.32493;1.32473;1.32482
2026-09-26 23:15:00;1.32479;1.32488;1.32461;1.32466
2026-09-26 23:30:00;1.32466;1.32469;1.3246;1.32461
2026-09-26 23:45:00;1.32462;1.32478;1.32461;1.32465
2026-09-27 00:00:00;1.32463;1.32468;1.3246;1.32466
2026-09-27 00:15:00;1.32463;1.32481;1.32448;1.32463
2026-09-27 00:30:00;1.32462;1.32481;1.32461;1.32474
2026-09-27 00:45:00;1.32475;1.32489;1.32469;1.32485
2026-09-27 01:00:00;1.32483;1.32504;1.32482;1.32501
2026-09-27 01:15:00;1.32498;1.32504;1.32497;1.325
2026-09-27 01:30:00;1.32498;1.32508;1.32484;1.32488
2026-09-27 01:45:00;1.32489;1.32502;1.32482;1.325
2026-09-27 02:00:00;1.32496;1.32502;1.32495;1.32499
2026-09-27 02:15:00;1.32496;1.32513;1.32494;1.32509
2026-09-27 02:30:00;1.32508;1.32513;1.32466;1.32466
2026-09-27 02:45:00;1.32468;1.32484;1.32461;1.32462
2026-09-27 03:00:00;1.32463;1.32492;1.3246;1.32468
2026-09-27 03:15:00;1.32466;1.3247;1.3246;1.32466
2026-09-27 03:30:00;1.32464;1.32482;1.32461;1.32465
2026-09-27 03:45:00;1.32466;1.3247;1.32462;1.32463
2026-09-27 04:00:00;1.32464;1.3248;1.32458;1.32476
2026-09-27 04:15:00;1.32474;1.32495;1.32466;1.32491
2026-09-27 04:30:00;1.32489;1.32495;1.32487;1.32489
2026-09-27 04:45:00;1.32489;1.32502;1.32487;1.32495
2026-09-27 05:00:00;1.32496;1.32502;1.32494;1.32498
2026-09-27 05:15:00;1.32496;1.32517;1.32482;1.32491
2026-09-27 05:30:00;1.32488;1.32501;1.32481;1.32497
2026-09-27 05:45:00;1.32495;1.32508;1.32488;1.32501
2026-09-27 06:00:00;1.32502;1.32505;1.3248;1.32496
2026-09-27 06:15:00;1.32493;1.32499;1.32491;1.32496
2026-09-27 06:30:00;1.32493;1.32516;1.32492;1.32512
2026-09-27 06:45:00;1.32511;1.32519;1.32509;1.32513
2026-09-27 07:00:00;1.32514;1.32519;1.32512;1.32514
2026-09-27 07:15:00;1.32514;1.32527;1.32512;1.32524
2026-09-27 07:30:00;1.32521;1.32528;1.32519;1.32524
2026-09-27 07:45:00;1.32522;1.32526;1.32515;1.32517
2026-09-27 08:00:00;1.32518;1.32525;1.32516;1.32519
2026-09-27 08:15:00;1.32519;1.32525;1.32517;1.32522
2026-09-27 08:30:00;1.32519;1.32526;1.32517;1.32522
2026-09-27 08:45:00;1.3252;1.32526;1.32519;1.3252
2026-09-27 09:00:00;1.3252;1.32527;1.32519;1.32521
2026-09-27 09:15:00;1.32521;1.32529;1.3252;1.32526
2026-09-27 09:30:00;1.32523;1.32529;1.32522;1.32526
2026-09-27 09:45:00;1.32523;1.3253;1.32522;1.32523
2026-09-27 10:00:00;1.32524;1.32545;1.32492;1.32502
2026-09-27 10:15:00;1.32503;1.32509;1.32501;1.32505
2026-09-27 10:30:00;1.32503;1.32509;1.32501;1.32506
2026-09-27 10:45:00;1.32503;1.32514;1.32502;1.32508
2026-09-27 11:00:00;1.32508;1.32514;1.32506;1.32507
2026-09-27 11:15:00;1.32508;1.32513;1.32506;1.3251
2026-09-27 11:30:00;1.32508;1.32517;1.32485;1.32496
2026-09-27 11:45:00;1.32493;1.32499;1.32477;1.32483
2026-09-27 12:00:00;1.32482;1.32488;1.32473;1.32481
2026-09-27 12:15:00;1.32482;1.32488;1.3248;1.32484
2026-09-27 12:30:00;1.32482;1.32492;1.32481;1.3249
2026-09-27 12:45:00;1.32487;1.32496;1.32483;1.32491
2026-09-27 13:00:00;1.3249;1.32496;1.32488;1.32489
2026-09-27 13:15:00;1.3249;1.32496;1.32463;1.32479
2026-09-27 13:30:00;1.32479;1.32485;1.32477;1.32482
2026-09-27 13:45:00;1.32479;1.3249;1.32478;1.32486
2026-09-27 14:00:00;1.32484;1.32496;1.32466;1.32466
2026-09-27 14:15:00;1.32467;1.32473;1.32463;1.32465
2026-09-27 14:30:00;1.32465;1.32479;1.32456;1.32475
2026-09-27 14:45:00;1.32473;1.32479;1.32471;1.32475
2026-09-27 15:00:00;1.32473;1.32485;1.32473;1.32479
2026-09-27 15:15:00;1.32479;1.3249;1.32474;1.32484
2026-09-27 15:30:00;1.32484;1.3249;1.32482;1.32487
2026-09-27 15:45:00;1.32484;1.32489;1.32473;1.32485
2026-09-27 16:00:00;1.32483;1.32488;1.32457;1.32463
2026-09-27 16:15:00;1.32463;1.32522;1.3238;1.32406
2026-09-27 16:30:00;1.32407;1.3245;1.32394;1.324
2026-09-27 16:45:00;1.32409;1.32415;1.32408;1.32412
2026-09-27 17:00:00;1.32409;1.32475;1.32401;1.32464
2026-09-27 17:15:00;1.32463;1.32486;1.32371;1.32461
2026-09-27 17:30:00;1.32457;1.3249;1.32363;1.32435
2026-09-27 17:45:00;1.32432;1.32486;1.324;1.32454
2026-09-27 18:00:00;1.32438;1.32478;1.32347;1.32462
2026-09-27 18:15:00;1.32461;1.32496;1.32336;1.32455
2026-09-27 18:30:00;1.32448;1.32559;1.3231;1.32462
2026-09-27 18:45:00;1.32462;1.32467;1.32363;1.32465
2026-09-27 19:00:00;1.32462;1.32523;1.32419;1.32473
2026-09-27 19:15:00;1.32471;1.32528;1.32417;1.3247
2026-09-27 19:30:00;1.32466;1.32511;1.32447;1.32502
2026-09-27 19:45:00;1.32487;1.32517;1.32415;1.32465
2026-09-27 20:00:00;1.32465;1.32481;1.32422;1.32461
2026-09-27 20:15:00;1.32456;1.32491;1.32399;1.32432
2026-09-27 20:30:00;1.32435;1.32491;1.32377;1.32484
2026-09-27 20:45:00;1.32471;1.3248;1.3235;1.32356
2026-09-27 21:00:00;1.32364;1.32395;1.32279;1.32328
2026-09-27 21:15:00;1.32328;1.32361;1.32302;1.32307
2026-09-27 21:30:00;1.32319;1.32406;1.32312;1.32357
2026-09-27 21:45:00;1.32377;1.32412;1.32371;1.32403
2026-09-27 22:00:00;1.32396;1.32425;1.32321;1.32358
2026-09-27 22:15:00;1.32353;1.32353;1.32319;1.32327
2026-09-27 22:30:00;1.32327;1.32329;1.32293;1.32298
2026-09-27 22:45:00;1.32295;1.32301;1.32259;1.3227
2026-09-27 23:00:00;1.32267;1.32281;1.32254;1.32278
2026-09-27 23:15:00;1.32268;1.32298;1.32268;1.32291
2026-09-27 23:30:00;1.32289;1.32294;1.32238;1.32257
2026-09-27 23:45:00;1.32259;1.32291;1.32259;1.32288
2026-09-28 00:00:00;1.32281;1.32369;1.32264;1.32366
2026-09-28 00:15:00;1.3236;1.3236;1.32308;1.32333
2026-09-28 00:30:00;1.32332;1.32349;1.32288;1.32337
2026-09-28 00:45:00;1.32333;1.32398;1.32333;1.32372
2026-09-28 01:00:00;1.32371;1.32385;1.32335;1.32377
2026-09-28 01:15:00;1.32374;1.32406;1.32373;1.32393
2026-09-28 01:30:00;1.32395;1.3241;1.32384;1.32409
2026-09-28 01:45:00;1.32408;1.32449;1.32382;1.32434
2026-09-28 02:00:00;1.32436;1.32445;1.32422;1.32441
2026-09-28 02:15:00;1.32438;1.32464;1.32428;1.32442
2026-09-28 02:30:00;1.32444;1.32444;1.32421;1.32437
2026-09-28 02:45:00;1.32438;1.32444;1.32421;1.32435
2026-09-28 03:00:00;1.32435;1.32462;1.32421;1.32459
2026-09-28 03:15:00;1.32457;1.32468;1.32445;1.32446
2026-09-28 03:30:00;1.32446;1.32454;1.32401;1.32429
2026-09-28 03:45:00;1.32427;1.32435;1.32404;1.32424
2026-09-28 04:00:00;1.32425;1.32458;1.32414;1.32447
2026-09-28 04:15:00;1.32448;1.32471;1.32443;1.32445
2026-09-28 04:30:00;1.32445;1.32476;1.32441;1.32474
2026-09-28 04:45:00;1.32471;1.32479;1.32433;1.32438
2026-09-28 05:00:00;1.32438;1.32447;1.32425;1.32439
2026-09-28 05:15:00;1.32435;1.32455;1.32415;1.32452
2026-09-28 05:30:00;1.32449;1.32475;1.32415;1.32418
2026-09-28 05:45:00;1.32423;1.32423;1.32371;1.32411
2026-09-28 06:00:00;1.32406;1.32411;1.32357;1.32376
2026-09-28 06:15:00;1.3238;1.3238;1.32322;1.32324
2026-09-28 06:30:00;1.32325;1.32404;1.32317;1.32402
2026-09-28 06:45:00;1.32399;1.32438;1.32384;1.32436
2026-09-28 07:00:00;1.32434;1.32451;1.32363;1.32409
2026-09-28 07:15:00;1.32407;1.32496;1.32366;1.32496
2026-09-28 07:30:00;1.32492;1.3263;1.32478;1.32566
2026-09-28 07:45:00;1.32585;1.32672;1.32543;1.32624
2026-09-28 08:00:00;1.32636;1.32714;1.32627;1.32635
2026-09-28 08:15:00;1.32654;1.32712;1.3263;1.32634
2026-09-28 08:30:00;1.3264;1.32704;1.32612;1.327
2026-09-28 08:45:00;1.32697;1.32742;1.32677;1.32678
2026-09-28 09:00:00;1.32682;1.32691;1.32635;1.32652
2026-09-28 09:15:00;1.32653;1.32675;1.32642;1.32656
2026-09-28 09:30:00;1.32656;1.32665;1.32594;1.32621
2026-09-28 09:45:00;1.32617;1.32624;1.32573;1.32583
2026-09-28 10:00:00;1.32584;1.32587;1.32521;1.32523
2026-09-28 10:15:00;1.32527;1.32549;1.32499;1.32541
2026-09-28 10:30:00;1.3253;1.32595;1.3253;1.32581
2026-09-28 10:45:00;1.32588;1.32601;1.32573;1.32591
2026-09-28 11:00:00;1.32586;1.32597;1.32501;1.32516
2026-09-28 11:15:00;1.32509;1.32656;1.32503;1.32652
2026-09-28 11:30:00;1.32644;1.32668;1.32635;1.32653
2026-09-28 11:45:00;1.3265;1.32658;1.32561;1.3261
2026-09-28 12:00:00;1.32609;1.32675;1.32573;1.32619
2026-09-28 12:15:00;1.32622;1.32679;1.32593;1.32605
2026-09-28 12:30:00;1.32599;1.32608;1.32536;1.32549
2026-09-28 12:45:00;1.32548;1.32585;1.32515;1.32583
2026-09-28 13:00:00;1.3258;1.32581;1.32463;1.325
2026-09-28 13:15:00;1.32494;1.32559;1.32484;1.32544
2026-09-28 13:30:00;1.32548;1.32594;1.32507;1.32577
2026-09-28 13:45:00;1.32574;1.32705;1.32568;1.32643
2026-09-28 14:00:00;1.32641;1.32749;1.3264;1.32746
2026-09-28 14:15:00;1.32735;1.32735;1.32644;1.32666
2026-09-28 14:30:00;1.32669;1.32683;1.32549;1.3256
2026-09-28 14:45:00;1.3258;1.3258;1.32434;1.32497
2026-09-28 15:00:00;1.32487;1.32535;1.32478;1.32515
2026-09-28 15:15:00;1.32515;1.32563;1.32489;1.32561
2026-09-28 15:30:00;1.32557;1.32596;1.32547;1.32556
2026-09-28 15:45:00;1.32556;1.32565;1.32525;1.32564
2026-09-28 16:00:00;1.32557;1.32598;1.32531;1.32544
2026-09-28 16:15:00;1.32537;1.32802;1.32537;1.32795
2026-09-28 16:30:00;1.32787;1.32787;1.32642;1.32647
2026-09-28 16:45:00;1.32653;1.32679;1.3261;1.3267
2026-09-28 17:00:00;1.32664;1.32747;1.32603;1.32739
2026-09-28 17:15:00;1.32724;1.32756;1.32649;1.32686
2026-09-28 17:30:00;1.32681;1.32706;1.3264;1.32665
2026-09-28 17:45:00;1.32659;1.327;1.32656;1.32684
2026-09-28 18:00:00;1.32677;1.32684;1.32649;1.32666
2026-09-28 18:15:00;1.32668;1.3267;1.32621;1.32623
2026-09-28 18:30:00;1.32627;1.32633;1.32565;1.32592
2026-09-28 18:45:00;1.32583;1.32608;1.32565;1.32607
2026-09-28 19:00:00;1.32604;1.32626;1.32538;1.32565
2026-09-28 19:15:00;1.32562;1.3259;1.3255;1.32589
2026-09-28 19:30:00;1.32588;1.32589;1.3255;1.32568
2026-09-28 19:45:00;1.32568;1.3258;1.32527;1.32538
2026-09-28 20:00:00;1.32537;1.3254;1.32501;1.32528
2026-09-28 20:15:00;1.32526;1.32527;1.32498;1.32499
2026-09-28 20:30:00;1.32501;1.32552;1.32491;1.32549
2026-09-28 20:45:00;1.32545;1.32553;1.32528;1.32549
2026-09-28 21:00:00;1.32546;1.32582;1.32544;1.32558
2026-09-28 21:15:00;1.32556;1.32566;1.32552;1.3256
2026-09-28 21:30:00;1.32559;1.32566;1.32552;1.32556
2026-09-28 21:45:00;1.32557;1.3257;1.32553;1.32566
2026-09-28 22:00:00;1.32563;1.32584;1.3254;1.32576
2026-09-28 22:15:00;1.32573;1.32584;1.32564;1.32568
2026-09-28 22:30:00;1.32568;1.32571;1.32545;1.32553
2026-09-28 22:45:00;1.3255;1.32555;1.32535;1.32545
2026-09-28 23:00:00;1.32539;1.32553;1.32534;1.32542
2026-09-28 23:15:00;1.32539;1.32544;1.32535;1.32536
2026-09-28 23:30:00;1.32537;1.32557;1.32535;1.32551
2026-09-28 23:45:00;1.32552;1.32552;1.32535;1.32541
2026-09-29 00:00:00;1.32539;1.32542;1.32464;1.32473
2026-09-29 00:15:00;1.3247;1.32476;1.32435;1.32449
2026-09-29 00:30:00;1.32448;1.32487;1.32448;1.32464
2026-09-29 00:45:00;1.32467;1.32482;1.32449;1.3247
2026-09-29 01:00:00;1.32473;1.32493;1.32461;1.32489
2026-09-29 01:15:00;1.32485;1.32505;1.32485;1.32498
2026-09-29 01:30:00;1.32496;1.32516;1.32483;1.32485
2026-09-29 01:45:00;1.32486;1.32494;1.32466;1.32479
2026-09-29 02:00:00;1.32479;1.32527;1.32478;1.32527
2026-09-29 02:15:00;1.32523;1.32565;1.32508;1.32511
2026-09-29 02:30:00;1.32515;1.32552;1.32503;1.32528
2026-09-29 02:45:00;1.32529;1.32545;1.32492;1.32494
2026-09-29 03:00:00;1.32499;1.32515;1.3248;1.32489
2026-09-29 03:15:00;1.32488;1.32511;1.32477;1.32498
2026-09-29 03:30:00;1.32498;1.32503;1.32437;1.32443
2026-09-29 03:45:00;1.32442;1.32442;1.32389;1.3239
2026-09-29 04:00:00;1.32393;1.32425;1.32393;1.32413
2026-09-29 04:15:00;1.32413;1.32422;1.32394;1.32402
2026-09-29 04:30:00;1.324;1.32426;1.32372;1.32382
2026-09-29 04:45:00;1.32382;1.32389;1.32348;1.32364
2026-09-29 05:00:00;1.3236;1.32392;1.32351;1.32389
2026-09-29 05:15:00;1.32382;1.3241;1.32375;1.3238
2026-09-29 05:30:00;1.32374;1.32389;1.32317;1.32319
2026-09-29 05:45:00;1.32323;1.32338;1.32308;1.32323
2026-09-29 06:00:00;1.32326;1.32448;1.32325;1.32446
2026-09-29 06:15:00;1.3244;1.32447;1.3236;1.32375
2026-09-29 06:30:00;1.32368;1.32394;1.32354;1.32392
2026-09-29 06:45:00;1.32387;1.32419;1.32368;1.32415
2026-09-29 07:00:00;1.3241;1.32429;1.32356;1.32359
2026-09-29 07:15:00;1.32364;1.32411;1.32363;1.324
2026-09-29 07:30:00;1.32398;1.32406;1.32293;1.32372
2026-09-29 07:45:00;1.32366;1.32371;1.32338;1.32344
2026-09-29 08:00:00;1.32345;1.32363;1.32299;1.32338
2026-09-29 08:15:00;1.32333;1.32415;1.32333;1.32398
2026-09-29 08:30:00;1.32394;1.32394;1.32291;1.32326
2026-09-29 08:45:00;1.32323;1.32362;1.32315;1.32347
2026-09-29 09:00:00;1.32349;1.32386;1.32296;1.32297
2026-09-29 09:15:00;1.32299;1.32315;1.32258;1.32275
2026-09-29 09:30:00;1.32268;1.32299;1.32251;1.32283
2026-09-29 09:45:00;1.3227;1.32308;1.32233;1.3225
2026-09-29 10:00:00;1.32259;1.32284;1.32223;1.3224
2026-09-29 10:15:00;1.32244;1.3231;1.32231;1.32306
2026-09-29 10:30:00;1.32297;1.32357;1.32297;1.32355
2026-09-29 10:45:00;1.3235;1.32389;1.32338;1.32366
2026-09-29 11:00:00;1.32368;1.32398;1.32328;1.3235
2026-09-29 11:15:00;1.32342;1.32415;1.32342;1.3241
2026-09-29 11:30:00;1.32406;1.32427;1.32391;1.32393
2026-09-29 11:45:00;1.32392;1.32463;1.32392;1.32447
2026-09-29 12:00:00;1.32446;1.32532;1.32446;1.32465
2026-09-29 12:15:00;1.32468;1.32486;1.32378;1.3238
2026-09-29 12:30:00;1.32382;1.32393;1.3228;1.32313
2026-09-29 12:45:00;1.32309;1.32309;1.32256;1.32259
2026-09-29 13:00:00;1.32264;1.32306;1.32252;1.32302
2026-09-29 13:15:00;1.32298;1.32336;1.32286;1.32304
2026-09-29 13:30:00;1.32302;1.32302;1.32179;1.32251
2026-09-29 13:45:00;1.32252;1.32336;1.32247;1.32274
2026-09-29 14:00:00;1.32292;1.3231;1.32214;1.32257
2026-09-29 14:15:00;1.32252;1.32286;1.32219;1.32285
2026-09-29 14:30:00;1.32281;1.32281;1.32211;1.32244
2026-09-29 14:45:00;1.32251;1.32253;1.32155;1.32174
2026-09-29 15:00:00;1.32168;1.32168;1.32064;1.3207
2026-09-29 15:15:00;1.32073;1.32099;1.32027;1.3205
2026-09-29 15:30:00;1.32045;1.32142;1.32045;1.32056
2026-09-29 15:45:00;1.32055;1.32104;1.3204;1.32102
2026-09-29 16:00:00;1.32098;1.32134;1.32076;1.3208
2026-09-29 16:15:00;1.32086;1.32155;1.32081;1.32126
2026-09-29 16:30:00;1.32138;1.32167;1.32135;1.32143
2026-09-29 16:45:00;1.32141;1.32141;1.32052;1.32055
2026-09-29 17:00:00;1.32058;1.32114;1.32051;1.32109
2026-09-29 17:15:00;1.3211;1.32111;1.32074;1.3208
2026-09-29 17:30:00;1.32086;1.32111;1.32055;1.32074
2026-09-29 17:45:00;1.32069;1.32123;1.32053;1.3206
2026-09-29 18:00:00;1.32057;1.32263;1.3199;1.32251
2026-09-29 18:15:00;1.32228;1.32298;1.32228;1.32289
2026-09-29 18:30:00;1.3228;1.32348;1.32238;1.32318
2026-09-29 18:45:00;1.32322;1.32322;1.32277;1.32292
2026-09-29 19:00:00;1.32289;1.323;1.32266;1.32272
2026-09-29 19:15:00;1.32271;1.3231;1.32256;1.32294
2026-09-29 19:30:00;1.32296;1.32324;1.32275;1.32276
2026-09-29 19:45:00;1.32278;1.32308;1.32268;1.32284
2026-09-29 20:00:00;1.3228;1.32334;1.32275;1.32287
2026-09-29 20:15:00;1.32285;1.32285;1.32256;1.32257
2026-09-29 20:30:00;1.3226;1.32336;1.32248;1.32333
2026-09-29 20:45:00;1.32327;1.32339;1.32312;1.32318
2026-09-29 21:00:00;1.32316;1.32337;1.32279;1.32295
2026-09-29 21:15:00;1.32295;1.32302;1.32286;1.32292
2026-09-29 21:30:00;1.32292;1.32302;1.32281;1.32282
2026-09-29 21:45:00;1.32287;1.32301;1.32284;1.3229
2026-09-29 22:00:00;1.32291;1.32319;1.32286;1.32305
2026-09-29 22:15:00;1.32302;1.32302;1.32277;1.32278
2026-09-29 22:30:00;1.32281;1.32281;1.32265;1.32272
2026-09-29 22:45:00;1.32273;1.32282;1.32266;1.32267
2026-09-29 23:00:00;1.32268;1.32282;1.32254;1.3228
2026-09-29 23:15:00;1.32276;1.32292;1.32274;1.3229
2026-09-29 23:30:00;1.32288;1.32296;1.32263;1.32286
2026-09-29 23:45:00;1.32288;1.32306;1.32273;1.32301
2026-09-30 00:00:00;1.323;1.32301;1.32259;1.32294
2026-09-30 00:15:00;1.32289;1.32289;1.32247;1.32276
2026-09-30 00:30:00;1.32271;1.32296;1.32271;1.32291
2026-09-30 00:45:00;1.32289;1.32315;1.32265;1.32309
2026-09-30 01:00:00;1.32308;1.32308;1.32252;1.32272
2026-09-30 01:15:00;1.32269;1.32319;1.32265;1.32316
2026-09-30 01:30:00;1.32307;1.32326;1.32287;1.32306
2026-09-30 01:45:00;1.32304;1.32313;1.32256;1.32272
2026-09-30 02:00:00;1.32265;1.32289;1.32258;1.32267
2026-09-30 02:15:00;1.32263;1.32312;1.32261;1.32296
2026-09-30 02:30:00;1.32298;1.32304;1.32282;1.32287
2026-09-30 02:45:00;1.32291;1.32343;1.32291;1.32329
2026-09-30 03:00:00;1.32327;1.32348;1.32315;1.32324
2026-09-30 03:15:00;1.32316;1.32337;1.32316;1.3233
2026-09-30 03:30:00;1.32327;1.32331;1.32271;1.32294
2026-09-30 03:45:00;1.32293;1.32298;1.32256;1.32257
2026-09-30 04:00:00;1.32261;1.3228;1.32252;1.32255
2026-09-30 04:15:00;1.32258;1.32266;1.32244;1.32253
2026-09-30 04:30:00;1.3225;1.32253;1.32237;1.32239
2026-09-30 04:45:00;1.3224;1.32278;1.32238;1.32274
2026-09-30 05:00:00;1.32269;1.32295;1.32267;1.32291
2026-09-30 05:15:00;1.3229;1.32338;1.32283;1.32334
2026-09-30 05:30:00;1.32322;1.32378;1.32322;1.32371
2026-09-30 05:45:00;1.32369;1.32475;1.32369;1.32463
2026-09-30 06:00:00;1.32448;1.32584;1.32414;1.32536
2026-09-30 06:15:00;1.32531;1.32611;1.32531;1.3261
2026-09-30 06:30:00;1.32606;1.32606;1.32477;1.32533
2026-09-30 06:45:00;1.32525;1.3261;1.32489;1.32565
2026-09-30 07:00:00;1.32567;1.32663;1.32543;1.32656
2026-09-30 07:15:00;1.32643;1.32784;1.32643;1.32711
2026-09-30 07:30:00;1.32717;1.32717;1.32659;1.32661
2026-09-30 07:45:00;1.32664;1.32708;1.32614;1.3265
2026-09-30 08:00:00;1.3264;1.32674;1.32595;1.32602
2026-09-30 08:15:00;1.32611;1.32709;1.32557;1.32686
2026-09-30 08:30:00;1.32687;1.32742;1.32665;1.327
2026-09-30 08:45:00;1.32697;1.32777;1.32691;1.32761
2026-09-30 09:00:00;1.32763;1.32792;1.32672;1.32689
2026-09-30 09:15:00;1.327;1.32755;1.3267;1.32729
2026-09-30 09:30:00;1.32743;1.32743;1.32696;1.32699
2026-09-30 09:45:00;1.32704;1.32836;1.32691;1.32833
2026-09-30 10:00:00;1.32826;1.32878;1.32798;1.32877
2026-09-30 10:15:00;1.32874;1.32958;1.32866;1.32958
2026-09-30 10:30:00;1.32956;1.33012;1.32935;1.32942
2026-09-30 10:45:00;1.3294;1.32983;1.32901;1.32904
2026-09-30 11:00:00;1.3291;1.32931;1.32848;1.32906
2026-09-30 11:15:00;1.32899;1.3295;1.32871;1.32937
2026-09-30 11:30:00;1.32934;1.32937;1.32893;1.32934
2026-09-30 11:45:00;1.32931;1.32959;1.32855;1.32857
2026-09-30 12:00:00;1.32861;1.32891;1.3283;1.32883
2026-09-30 12:15:00;1.32884;1.32904;1.32836;1.32901
2026-09-30 12:30:00;1.32898;1.33093;1.3289;1.33013
2026-09-30 12:45:00;1.33021;1.33024;1.32897;1.32906
2026-09-30 13:00:00;1.32923;1.32923;1.32848;1.32897
2026-09-30 13:15:00;1.32887;1.3298;1.32862;1.32937
2026-09-30 13:30:00;1.32938;1.32949;1.32836;1.32844
2026-09-30 13:45:00;1.32849;1.32903;1.32821;1.32826
2026-09-30 14:00:00;1.32833;1.32965;1.32783;1.32869
2026-09-30 14:15:00;1.32872;1.32881;1.32762;1.32768
2026-09-30 14:30:00;1.32766;1.32857;1.32755;1.32856
2026-09-30 14:45:00;1.32852;1.3291;1.32749;1.32835
2026-09-30 15:00:00;1.32821;1.32866;1.32735;1.32793
2026-09-30 15:15:00;1.32786;1.32795;1.3268;1.32735
2026-09-30 15:30:00;1.32717;1.32806;1.32706;1.32711
2026-09-30 15:45:00;1.32718;1.32744;1.32652;1.32654
2026-09-30 16:00:00;1.32656;1.32665;1.32568;1.3257
2026-09-30 16:15:00;1.32574;1.32641;1.32574;1.32637
2026-09-30 16:30:00;1.32631;1.32655;1.32608;1.32653
2026-09-30 16:45:00;1.32648;1.3266;1.3263;1.32658
2026-09-30 17:00:00;1.32653;1.32681;1.32638;1.32678
2026-09-30 17:15:00;1.32671;1.3269;1.32651;1.32657
2026-09-30 17:30:00;1.32671;1.32695;1.32659;1.32671
2026-09-30 17:45:00;1.32672;1.32691;1.32647;1.32665
2026-09-30 18:00:00;1.32661;1.32676;1.32631;1.32633
2026-09-30 18:15:00;1.32634;1.32645;1.32622;1.32632
2026-09-30 18:30:00;1.32628;1.32637;1.32607;1.32622
2026-09-30 18:45:00;1.32618;1.32631;1.32598;1.32631
2026-09-30 19:00:00;1.32626;1.32635;1.32593;1.32603
2026-09-30 19:15:00;1.326;1.32651;1.326;1.32649
2026-09-30 19:30:00;1.32646;1.32655;1.32608;1.32609
2026-09-30 19:45:00;1.32611;1.32615;1.32563;1.32577
2026-09-30 20:00:00;1.32573;1.32638;1.32573;1.32609
2026-09-30 20:15:00;1.3261;1.32659;1.32603;1.32653
2026-09-30 20:30:00;1.32645;1.32671;1.32632;1.32667
2026-09-30 20:45:00;1.32664;1.32666;1.32617;1.32639
2026-09-30 21:00:00;1.32631;1.32698;1.32631;1.3269
2026-09-30 21:15:00;1.32686;1.32709;1.32681;1.32692
2026-09-30 21:30:00;1.32694;1.32706;1.32678;1.32687
2026-09-30 21:45:00;1.32689;1.32694;1.3264;1.32648
2026-09-30 22:00:00;1.32645;1.32668;1.32634;1.32666
2026-09-30 22:15:00;1.32663;1.32673;1.32652;1.32654
2026-09-30 22:30:00;1.32654;1.32656;1.32636;1.32652
2026-09-30 22:45:00;1.32649;1.32651;1.32631;1.32638
2026-09-30 23:00:00;1.32636;1.32642;1.32622;1.32628
2026-09-30 23:15:00;1.32624;1.3266;1.32622;1.32652
2026-09-30 23:30:00;1.32648;1.32659;1.32644;1.32645
2026-09-30 23:45:00;1.32646;1.32655;1.32615;1.32647
2026-10-01 00:00:00;1.3264;1.32651;1.32622;1.32641
2026-10-01 00:15:00;1.32638;1.32655;1.32619;1.32653
2026-10-01 00:30:00;1.3265;1.32699;1.32635;1.32692
2026-10-01 00:45:00;1.32684;1.32714;1.32679;1.32694
2026-10-01 01:00:00;1.32695;1.32726;1.32661;1.32705
2026-10-01 01:15:00;1.32707;1.32726;1.32698;1.32722
2026-10-01 01:30:00;1.32718;1.32718;1.32675;1.32684
2026-10-01 01:45:00;1.32683;1.32683;1.32611;1.32612
2026-10-01 02:00:00;1.32613;1.32613;1.32556;1.32574
2026-10-01 02:15:00;1.32571;1.32586;1.3254;1.32542
2026-10-01 02:30:00;1.32543;1.32582;1.32539;1.32572
2026-10-01 02:45:00;1.32568;1.32575;1.32544;1.32545
2026-10-01 03:00:00;1.32549;1.3256;1.32525;1.3256
2026-10-01 03:15:00;1.32558;1.32559;1.3251;1.32515
2026-10-01 03:30:00;1.32512;1.32544;1.32505;1.3254
2026-10-01 03:45:00;1.32533;1.3259;1.32533;1.32588
2026-10-01 04:00:00;1.32585;1.32609;1.32552;1.32553
2026-10-01 04:15:00;1.32554;1.32554;1.32503;1.32508
2026-10-01 04:30:00;1.32505;1.32533;1.32493;1.3252
2026-10-01 04:45:00;1.3252;1.3253;1.32505;1.32506
2026-10-01 05:00:00;1.32507;1.32525;1.32468;1.3247
2026-10-01 05:15:00;1.32472;1.32481;1.32463;1.32478
2026-10-01 05:30:00;1.32476;1.3251;1.32464;1.32492
2026-10-01 05:45:00;1.32491;1.325;1.32456;1.32457
2026-10-01 06:00:00;1.32458;1.32579;1.32434;1.32567
2026-10-01 06:15:00;1.32569;1.32573;1.3251;1.32512
2026-10-01 06:30:00;1.32511;1.32563;1.32468;1.32543
2026-10-01 06:45:00;1.32526;1.32651;1.32505;1.32647
2026-10-01 07:00:00;1.32642;1.32678;1.32558;1.32624
2026-10-01 07:15:00;1.3263;1.3263;1.32412;1.32418
2026-10-01 07:30:00;1.32428;1.32443;1.32273;1.32276
2026-10-01 07:45:00;1.32279;1.32435;1.32275;1.32378
2026-10-01 08:00:00;1.3239;1.32407;1.32281;1.32285
2026-10-01 08:15:00;1.32289;1.32322;1.32235;1.32271
2026-10-01 08:30:00;1.32276;1.32276;1.32164;1.3217
2026-10-01 08:45:00;1.3218;1.32219;1.32111;1.32114
2026-10-01 09:00:00;1.32119;1.32216;1.32095;1.32203
2026-10-01 09:15:00;1.32203;1.32259;1.32184;1.32244
2026-10-01 09:30:00;1.32236;1.32251;1.32191;1.32202
2026-10-01 09:45:00;1.32199;1.32203;1.32037;1.32041
2026-10-01 10:00:00;1.32048;1.3208;1.31933;1.32073
2026-10-01 10:15:00;1.32064;1.32183;1.32051;1.32181
2026-10-01 10:30:00;1.32176;1.32247;1.32176;1.32242
2026-10-01 10:45:00;1.32235;1.32258;1.32145;1.32255
2026-10-01 11:00:00;1.32248;1.32289;1.32207;1.32211
2026-10-01 11:15:00;1.32217;1.32223;1.32127;1.32179
2026-10-01 11:30:00;1.32169;1.32303;1.32144;1.32301
2026-10-01 11:45:00;1.32293;1.32484;1.32255;1.32434
2026-10-01 12:00:00;1.32445;1.32456;1.32336;1.32346
2026-10-01 12:15:00;1.32341;1.32351;1.32303;1.32304
2026-10-01 12:30:00;1.32306;1.32388;1.32306;1.32381
2026-10-01 12:45:00;1.3237;1.3237;1.32293;1.32301
2026-10-01 13:00:00;1.32299;1.32299;1.32242;1.32244
2026-10-01 13:15:00;1.32248;1.32262;1.32175;1.32235
2026-10-01 13:30:00;1.32232;1.3228;1.32209;1.32221
2026-10-01 13:45:00;1.3222;1.32359;1.32214;1.32358
2026-10-01 14:00:00;1.32352;1.32354;1.32211;1.32218
2026-10-01 14:15:00;1.32224;1.32291;1.3221;1.32227
2026-10-01 14:30:00;1.32236;1.32328;1.32202;1.32208
2026-10-01 14:45:00;1.32218;1.32261;1.32106;1.32112
2026-10-01 15:00:00;1.32124;1.32125;1.31987;1.32058
2026-10-01 15:15:00;1.32048;1.32156;1.32007;1.32118
2026-10-01 15:30:00;1.32125;1.32176;1.3189;1.3201
2026-10-01 15:45:00;1.32024;1.32024;1.3183;1.31935
2026-10-01 16:00:00;1.31928;1.32021;1.31921;1.3197
2026-10-01 16:15:00;1.31969;1.32072;1.31943;1.3202
2026-10-01 16:30:00;1.32027;1.32045;1.31867;1.31897
2026-10-01 16:45:00;1.3189;1.31909;1.31844;1.31861
2026-10-01 17:00:00;1.31858;1.31924;1.31849;1.31854
2026-10-01 17:15:00;1.31862;1.31992;1.31835;1.31965
2026-10-01 17:30:00;1.3197;1.32086;1.31941;1.31977
2026-10-01 17:45:00;1.31974;1.31976;1.31829;1.31835
2026-10-01 18:00:00;1.31842;1.31876;1.31814;1.31861
2026-10-01 18:15:00;1.31856;1.31898;1.31817;1.31857
2026-10-01 18:30:00;1.31865;1.3195;1.31844;1.31945
2026-10-01 18:45:00;1.31943;1.3195;1.31885;1.31897
2026-10-01 19:00:00;1.31893;1.3195;1.31868;1.31948
2026-10-01 19:15:00;1.31945;1.31977;1.31926;1.31972
2026-10-01 19:30:00;1.31966;1.32002;1.31962;1.31974
2026-10-01 19:45:00;1.31976;1.3199;1.31948;1.31953
2026-10-01 20:00:00;1.31961;1.32003;1.31938;1.31959
2026-10-01 20:15:00;1.3196;1.32015;1.31957;1.31998
2026-10-01 20:30:00;1.31998;1.32021;1.3198;1.31982
2026-10-01 20:45:00;1.31987;1.3199;1.31924;1.3195
2026-10-01 21:00:00;1.31936;1.32017;1.31936;1.31967
2026-10-01 21:15:00;1.31959;1.32001;1.31925;1.31987
2026-10-01 21:30:00;1.31988;1.3201;1.31985;1.31995
2026-10-01 21:45:00;1.31991;1.31991;1.3193;1.31944
2026-10-01 22:00:00;1.31942;1.31971;1.31931;1.31946
2026-10-01 22:15:00;1.31949;1.31951;1.31921;1.31922
2026-10-01 22:30:00;1.31924;1.31956;1.31924;1.31949
2026-10-01 22:45:00;1.3195;1.31965;1.3194;1.31964
2026-10-01 23:00:00;1.31959;1.3198;1.31956;1.31976
2026-10-01 23:15:00;1.31972;1.31984;1.31965;1.31969
2026-10-01 23:30:00;1.31968;1.31985;1.31964;1.31974
2026-10-01 23:45:00;1.31969;1.31983;1.31957;1.31981
2026-10-02 00:00:00;1.31976;1.31981;1.31919;1.31921
2026-10-02 00:15:00;1.31924;1.3194;1.31898;1.31909
2026-10-02 00:30:00;1.31905;1.31914;1.31881;1.31881
2026-10-02 00:45:00;1.31882;1.31924;1.31871;1.31886
2026-10-02 01:00:00;1.31884;1.31888;1.31839;1.31855
2026-10-02 01:15:00;1.31857;1.31873;1.31837;1.31841
2026-10-02 01:30:00;1.31839;1.31863;1.31824;1.31845
2026-10-02 01:45:00;1.31849;1.31892;1.31844;1.31889
2026-10-02 02:00:00;1.31883;1.31977;1.31883;1.31956
2026-10-02 02:15:00;1.3195;1.31991;1.31947;1.31974
2026-10-02 02:30:00;1.31969;1.31993;1.31956;1.31989
2026-10-02 02:45:00;1.31989;1.32017;1.31968;1.31989
2026-10-02 03:00:00;1.31982;1.32043;1.31982;1.32039
2026-10-02 03:15:00;1.3203;1.32073;1.3203;1.32071
2026-10-02 03:30:00;1.32067;1.32083;1.32061;1.32072
2026-10-02 03:45:00;1.32072;1.32099;1.32065;1.32088
2026-10-02 04:00:00;1.32088;1.32116;1.32071;1.321
2026-10-02 04:15:00;1.32096;1.32118;1.32086;1.32112
2026-10-02 04:30:00;1.32109;1.32122;1.32092;1.32095
2026-10-02 04:45:00;1.32095;1.32113;1.32086;1.32101
2026-10-02 05:00:00;1.32095;1.32118;1.32087;1.321
2026-10-02 05:15:00;1.32107;1.32108;1.32072;1.32075
2026-10-02 05:30:00;1.32078;1.32123;1.32074;1.32121
2026-10-02 05:45:00;1.32116;1.32127;1.32058;1.3206
2026-10-02 06:00:00;1.32065;1.3217;1.3206;1.32167
2026-10-02 06:15:00;1.3216;1.32186;1.32109;1.32185
2026-10-02 06:30:00;1.32179;1.32191;1.32156;1.3217
2026-10-02 06:45:00;1.32174;1.32197;1.32146;1.32154
2026-10-02 07:00:00;1.32158;1.32158;1.32074;1.32129
2026-10-02 07:15:00;1.32112;1.32151;1.32097;1.32116
2026-10-02 07:30:00;1.32119;1.32145;1.32093;1.32113
2026-10-02 07:45:00;1.32107;1.32184;1.3209;1.32178
2026-10-02 08:00:00;1.32165;1.3221;1.32109;1.32126
2026-10-02 08:15:00;1.32133;1.32156;1.32097;1.32101
2026-10-02 08:30:00;1.32107;1.32129;1.32051;1.32117
2026-10-02 08:45:00;1.32106;1.32106;1.32036;1.32076
2026-10-02 09:00:00;1.32079;1.32129;1.32029;1.32124
2026-10-02 09:15:00;1.32118;1.32154;1.32102;1.32104
2026-10-02 09:30:00;1.32105;1.32125;1.3206;1.32071
2026-10-02 09:45:00;1.32077;1.32118;1.32066;1.32108
2026-10-02 10:00:00;1.3211;1.32137;1.32092;1.32093
2026-10-02 10:15:00;1.32095;1.32097;1.32015;1.32091
2026-10-02 10:30:00;1.32079;1.32115;1.32069;1.32076
2026-10-02 10:45:00;1.32082;1.32114;1.32067;1.32083
2026-10-02 11:00:00;1.32087;1.32087;1.32028;1.3204
2026-10-02 11:15:00;1.32042;1.32118;1.32038;1.32098
2026-10-02 11:30:00;1.32098;1.32133;1.32074;1.32131
2026-10-02 11:45:00;1.32122;1.32139;1.32053;1.32056
2026-10-02 12:00:00;1.32054;1.32074;1.32015;1.32015
2026-10-02 12:15:00;1.32017;1.32062;1.31973;1.3202
2026-10-02 12:30:00;1.32031;1.32368;1.32031;1.32242
2026-10-02 12:45:00;1.32249;1.32336;1.32214;1.32334
2026-10-02 13:00:00;1.32331;1.3234;1.32151;1.3216
2026-10-02 13:15:00;1.32173;1.32279;1.32113;1.32267
2026-10-02 13:30:00;1.32249;1.3229;1.3221;1.32286
2026-10-02 13:45:00;1.32282;1.32454;1.32253;1.32437
2026-10-02 14:00:00;1.32415;1.32489;1.32354;1.32406
2026-10-02 14:15:00;1.32384;1.3247;1.32384;1.32462
2026-10-02 14:30:00;1.3245;1.32559;1.32435;1.32556
2026-10-02 14:45:00;1.32553;1.32591;1.32449;1.32516
2026-10-02 15:00:00;1.32509;1.32509;1.32319;1.32378
2026-10-02 15:15:00;1.32374;1.32377;1.32249;1.32302
2026-10-02 15:30:00;1.32298;1.32354;1.32275;1.32288
2026-10-02 15:45:00;1.32285;1.32295;1.32244;1.32293
2026-10-02 16:00:00;1.32288;1.32355;1.3228;1.32316
2026-10-02 16:15:00;1.32308;1.3236;1.32254;1.32269
2026-10-02 16:30:00;1.32265;1.3231;1.32249;1.32264
2026-10-02 16:45:00;1.32261;1.32342;1.32242;1.3234
2026-10-02 17:00:00;1.32334;1.32361;1.32318;1.32339
2026-10-02 17:15:00;1.32338;1.32368;1.32298;1.32301
2026-10-02 17:30:00;1.32309;1.32382;1.32309;1.3238
2026-10-02 17:45:00;1.32376;1.32397;1.32345;1.32347
2026-10-02 18:00:00;1.32345;1.32414;1.32339;1.32366
2026-10-02 18:15:00;1.32363;1.32368;1.32339;1.32362
2026-10-02 18:30:00;1.32353;1.32372;1.32338;1.32371
2026-10-02 18:45:00;1.32368;1.32399;1.32363;1.32385
2026-10-02 19:00:00;1.32381;1.3243;1.32375;1.32428
2026-10-02 19:15:00;1.32422;1.32492;1.32417;1.32474
2026-10-02 19:30:00;1.32471;1.32492;1.32461;1.32462
2026-10-02 19:45:00;1.32465;1.32477;1.32433;1.32455
2026-10-02 20:00:00;1.32446;1.32472;1.32418;1.3244
2026-10-02 20:15:00;1.32448;1.32456;1.32415;1.32435
2026-10-02 20:30:00;1.32435;1.32445;1.324;1.32401
2026-10-02 20:45:00;1.32401;1.3241;1.32377;1.324
2026-10-02 21:00:00;1.32397;1.32435;1.3239;1.32418
2026-10-02 21:15:00;1.32415;1.32444;1.32406;1.32438
2026-10-02 21:30:00;1.32428;1.32452;1.32405;1.32412
2026-10-02 21:45:00;1.32417;1.32442;1.3241;1.3242
2026-10-02 22:00:00;1.32417;1.32454;1.32326;1.32415
2026-10-02 22:15:00;1.32412;1.32423;1.3241;1.32416
2026-10-02 22:30:00;1.32415;1.32423;1.3241;1.32411
2026-10-02 22:45:00;1.32413;1.32421;1.32413;1.32417
2026-10-02 23:00:00;1.32415;1.32435;1.32343;1.3242
2026-10-02 23:15:00;1.32417;1.32427;1.32409;1.32415
2026-10-02 23:30:00;1.32416;1.32427;1.32409;1.32415
2026-10-02 23:45:00;1.32416;1.32427;1.3241;1.32414
2026-10-03 00:00:00;1.32416;1.32425;1.32389;1.32399
2026-10-03 00:15:00;1.32396;1.32403;1.32391;1.32396
2026-10-03 00:30:00;1.32394;1.32401;1.32391;1.32392
2026-10-03 00:45:00;1.32393;1.32401;1.3239;1.32392
2026-10-03 01:00:00;1.32393;1.324;1.32391;1.32397
2026-10-03 01:15:00;1.32395;1.32401;1.32389;1.32394
2026-10-03 01:30:00;1.32391;1.32406;1.32388;1.32399
2026-10-03 01:45:00;1.32398;1.32401;1.32391;1.32391
2026-10-03 02:00:00;1.32393;1.32404;1.32389;1.32395
2026-10-03 02:15:00;1.32392;1.324;1.32389;1.32395
2026-10-03 02:30:00;1.32392;1.32401;1.32389;1.32392
2026-10-03 02:45:00;1.32392;1.32401;1.3239;1.32392
2026-10-03 03:00:00;1.32393;1.32398;1.3239;1.32394
2026-10-03 03:15:00;1.32392;1.32408;1.32381;1.32394
2026-10-03 03:30:00;1.32391;1.32398;1.32389;1.32393
2026-10-03 03:45:00;1.32392;1.32401;1.32388;1.32389
2026-10-03 04:00:00;1.32391;1.32401;1.32389;1.32395
2026-10-03 04:15:00;1.32393;1.32398;1.32388;1.32395
2026-10-03 04:30:00;1.32392;1.32402;1.32388;1.32393
2026-10-03 04:45:00;1.32392;1.32398;1.32389;1.3239
2026-10-03 05:00:00;1.32391;1.32407;1.32382;1.32392
2026-10-03 05:15:00;1.32389;1.32399;1.32386;1.32395
2026-10-03 05:30:00;1.32393;1.32397;1.32387;1.32392
2026-10-03 05:45:00;1.3239;1.32401;1.32387;1.3239
2026-10-03 06:00:00;1.32391;1.324;1.32386;1.32394
2026-10-03 06:15:00;1.32393;1.32403;1.32389;1.32395
2026-10-03 06:30:00;1.32392;1.32406;1.32391;1.32396
2026-10-03 06:45:00;1.324;1.32401;1.32391;1.32391
2026-10-03 07:00:00;1.32392;1.32401;1.32389;1.32394
2026-10-03 07:15:00;1.32394;1.324;1.32388;1.32395
2026-10-03 07:30:00;1.32393;1.32403;1.32388;1.32394
2026-10-03 07:45:00;1.32392;1.32401;1.32389;1.32393
2026-10-03 08:00:00;1.32394;1.324;1.3239;1.32391
2026-10-03 08:15:00;1.32392;1.32405;1.3239;1.32394
2026-10-03 08:30:00;1.32392;1.32406;1.3239;1.32403
2026-10-03 08:45:00;1.324;1.32402;1.3239;1.32391
2026-10-03 09:00:00;1.32391;1.32399;1.32389;1.32392
2026-10-03 09:15:00;1.32393;1.32398;1.32389;1.32394
2026-10-03 09:30:00;1.32391;1.32397;1.32389;1.32394
2026-10-03 09:45:00;1.32391;1.32397;1.3239;1.32391
2026-10-03 10:00:00;1.32391;1.32402;1.3239;1.32391
2026-10-03 10:15:00;1.32392;1.32399;1.32389;1.32392
2026-10-03 10:30:00;1.32392;1.32398;1.32389;1.32396
2026-10-03 10:45:00;1.32393;1.324;1.32389;1.32393
2026-10-03 11:00:00;1.32391;1.32398;1.32389;1.32391
2026-10-03 11:15:00;1.32392;1.32399;1.32389;1.32392
2026-10-03 11:30:00;1.32391;1.3241;1.3239;1.32409
2026-10-03 11:45:00;1.32406;1.32407;1.32392;1.32396
2026-10-03 12:00:00;1.32394;1.32403;1.32391;1.32397
2026-10-03 12:15:00;1.32398;1.32404;1.32392;1.32398
2026-10-03 12:30:00;1.32394;1.32405;1.32394;1.32402
2026-10-03 12:45:00;1.32399;1.32406;1.32393;1.32402
2026-10-03 13:00:00;1.324;1.32404;1.32393;1.32394
2026-10-03 13:15:00;1.32394;1.32406;1.32379;1.32399
2026-10-03 13:30:00;1.32399;1.32419;1.32394;1.32414
2026-10-03 13:45:00;1.32412;1.3242;1.32401;1.32407
2026-10-03 14:00:00;1.32405;1.32411;1.32401;1.3241
2026-10-03 14:15:00;1.32407;1.32413;1.32405;1.32407
2026-10-03 14:30:00;1.32407;1.32418;1.32406;1.32414
2026-10-03 14:45:00;1.32412;1.32418;1.3241;1.32415
2026-10-03 15:00:00;1.32412;1.32423;1.32394;1.32403
2026-10-03 15:15:00;1.32403;1.32408;1.32396;1.32406
2026-10-03 15:30:00;1.32402;1.32406;1.32397;1.32401
2026-10-03 15:45:00;1.32399;1.3241;1.32397;1.32407
2026-10-03 16:00:00;1.32404;1.32459;1.3231;1.32367
2026-10-03 16:15:00;1.32358;1.32737;1.32263;1.32475
2026-10-03 16:30:00;1.32476;1.32583;1.32308;1.32387
2026-10-03 16:45:00;1.32379;1.32394;1.32373;1.32392
2026-10-03 17:00:00;1.32389;1.32419;1.32387;1.32402
2026-10-03 17:15:00;1.324;1.32403;1.32298;1.32359
2026-10-03 17:30:00;1.32352;1.32373;1.3235;1.32369
2026-10-03 17:45:00;1.32366;1.32383;1.32364;1.32378
2026-10-03 18:00:00;1.32363;1.32415;1.32363;1.32402
2026-10-03 18:15:00;1.324;1.32413;1.32378;1.32402
2026-10-03 18:30:00;1.32403;1.32408;1.32395;1.32397
2026-10-03 18:45:00;1.32397;1.32407;1.32391;1.32401
2026-10-03 19:00:00;1.32398;1.32417;1.32384;1.32413
2026-10-03 19:15:00;1.3241;1.32422;1.32399;1.32401
2026-10-03 19:30:00;1.32401;1.32412;1.32399;1.32405
2026-10-03 19:45:00;1.32406;1.32412;1.32404;1.32408
2026-10-03 20:00:00;1.32406;1.32423;1.32373;1.32416
2026-10-03 20:15:00;1.32414;1.3242;1.32412;1.32414
2026-10-03 20:30:00;1.32414;1.32419;1.32403;1.32407
2026-10-03 20:45:00;1.32408;1.32418;1.32406;1.32414
2026-10-03 21:00:00;1.32413;1.32435;1.3241;1.3243
2026-10-03 21:15:00;1.32427;1.32433;1.32425;1.32427
2026-10-03 21:30:00;1.32427;1.32431;1.32392;1.32395
2026-10-03 21:45:00;1.32404;1.32451;1.32349;1.32372
2026-10-03 22:00:00;1.3237;1.32407;1.32367;1.32404
2026-10-03 22:15:00;1.32401;1.32407;1.32399;1.32402
2026-10-03 22:30:00;1.32401;1.32412;1.32396;1.32405
2026-10-03 22:45:00;1.32406;1.32412;1.32404;1.32408
2026-10-03 23:00:00;1.32406;1.32433;1.32401;1.32405
2026-10-03 23:15:00;1.32406;1.32414;1.32387;1.32397
2026-10-03 23:30:00;1.32396;1.32403;1.32395;1.32396
2026-10-03 23:45:00;1.32397;1.32408;1.32395;1.32403
2026-10-04 00:00:00;1.32403;1.32409;1.32395;1.32399
2026-10-04 00:15:00;1.32397;1.32404;1.32391;1.32394
2026-10-04 00:30:00;1.32392;1.32401;1.32388;1.32395
2026-10-04 00:45:00;1.32396;1.32401;1.32393;1.32394
2026-10-04 01:00:00;1.32395;1.32408;1.32382;1.32398
2026-10-04 01:15:00;1.32395;1.32401;1.32387;1.32391
2026-10-04 01:30:00;1.32389;1.32429;1.32385;1.32389
2026-10-04 01:45:00;1.3239;1.32399;1.32385;1.3239
2026-10-04 02:00:00;1.3239;1.32395;1.32387;1.32393
2026-10-04 02:15:00;1.32391;1.32403;1.3239;1.32399
2026-10-04 02:30:00;1.32397;1.32409;1.32391;1.32404
2026-10-04 02:45:00;1.32404;1.32421;1.32399;1.32403
2026-10-04 03:00:00;1.32404;1.32414;1.324;1.3241
2026-10-04 03:15:00;1.32408;1.32414;1.32406;1.32411
2026-10-04 03:30:00;1.32408;1.32417;1.32407;1.32412
2026-10-04 03:45:00;1.32412;1.32417;1.3241;1.32411
2026-10-04 04:00:00;1.32412;1.3242;1.32409;1.32416
2026-10-04 04:15:00;1.32414;1.32426;1.32411;1.32424
2026-10-04 04:30:00;1.32421;1.32429;1.32406;1.32413
2026-10-04 04:45:00;1.32411;1.3242;1.3241;1.32413
2026-10-04 05:00:00;1.32414;1.3242;1.32412;1.32417
2026-10-04 05:15:00;1.32414;1.32422;1.32414;1.32419
2026-10-04 05:30:00;1.32416;1.32424;1.32414;1.3242
2026-10-04 05:45:00;1.32418;1.32424;1.32416;1.32417
2026-10-04 06:00:00;1.32418;1.32425;1.32412;1.32419
2026-10-04 06:15:00;1.32419;1.3242;1.32408;1.32414
2026-10-04 06:30:00;1.32412;1.3242;1.32411;1.32416
2026-10-04 06:45:00;1.32414;1.32421;1.32413;1.32416
2026-10-04 07:00:00;1.32417;1.32422;1.32415;1.32416
2026-10-04 07:15:00;1.32417;1.32424;1.32415;1.32421
2026-10-04 07:30:00;1.32418;1.32428;1.32416;1.32424
2026-10-04 07:45:00;1.32422;1.3243;1.32422;1.32423
2026-10-04 08:00:00;1.32424;1.3243;1.32422;1.32423
2026-10-04 08:15:00;1.32424;1.3243;1.32422;1.32426
2026-10-04 08:30:00;1.32424;1.3243;1.32422;1.32427
2026-10-04 08:45:00;1.32424;1.3243;1.32422;1.32424
2026-10-04 09:00:00;1.32424;1.3243;1.32422;1.32424
2026-10-04 09:15:00;1.32424;1.32431;1.32423;1.32428
2026-10-04 09:30:00;1.32425;1.32431;1.32423;1.32428
2026-10-04 09:45:00;1.32425;1.32431;1.32423;1.32427
2026-10-04 10:00:00;1.32425;1.32431;1.32423;1.32424
2026-10-04 10:15:00;1.32425;1.32431;1.32423;1.32428
2026-10-04 10:30:00;1.32425;1.32431;1.32423;1.32428
2026-10-04 10:45:00;1.32425;1.32431;1.32423;1.32427
2026-10-04 11:00:00;1.32425;1.32431;1.32423;1.32424
2026-10-04 11:15:00;1.32425;1.32431;1.32423;1.32428
2026-10-04 11:30:00;1.32425;1.32431;1.32331;1.32364
2026-10-04 11:45:00;1.32361;1.32367;1.32359;1.32363
2026-10-04 12:00:00;1.32361;1.32367;1.32359;1.3236
2026-10-04 12:15:00;1.32361;1.32367;1.32359;1.32361
2026-10-04 12:30:00;1.32361;1.3238;1.32359;1.32377
2026-10-04 12:45:00;1.32374;1.3238;1.32372;1.32376
2026-10-04 13:00:00;1.32374;1.3238;1.32372;1.32373
2026-10-04 13:15:00;1.32374;1.32415;1.32305;1.3235
2026-10-04 13:30:00;1.3235;1.32356;1.32349;1.32353
2026-10-04 13:45:00;1.3235;1.32356;1.32349;1.32353
2026-10-04 14:00:00;1.3235;1.32412;1.32343;1.32398
2026-10-04 14:15:00;1.32398;1.32405;1.32397;1.32398
2026-10-04 14:30:00;1.32399;1.32405;1.32397;1.32401
2026-10-04 14:45:00;1.32399;1.32405;1.32397;1.32402
2026-10-04 15:00:00;1.32399;1.32449;1.32317;1.32342
2026-10-04 15:15:00;1.3234;1.32346;1.32338;1.32339
2026-10-04 15:30:00;1.3234;1.32346;1.32338;1.32343
2026-10-04 15:45:00;1.3234;1.32346;1.32338;1.32343
2026-10-04 16:00:00;1.3234;1.32441;1.32291;1.32322
2026-10-04 16:15:00;1.32321;1.32327;1.32319;1.3232
2026-10-04 16:30:00;1.32321;1.32367;1.32258;1.3228
2026-10-04 16:45:00;1.32278;1.32284;1.32276;1.32281
2026-10-04 17:00:00;1.32278;1.32414;1.32262;1.324
2026-10-04 17:15:00;1.32399;1.32405;1.32396;1.32396
2026-10-04 17:30:00;1.32397;1.32405;1.32396;1.32399
2026-10-04 17:45:00;1.32399;1.32406;1.32391;1.32399
2026-10-04 18:00:00;1.32396;1.32452;1.32391;1.3243
2026-10-04 18:15:00;1.32424;1.32564;1.32284;1.32381
2026-10-04 18:30:00;1.32386;1.32586;1.32266;1.32419
2026-10-04 18:45:00;1.32441;1.32573;1.32272;1.3245
2026-10-04 19:00:00;1.32445;1.32448;1.32287;1.32298
2026-10-04 19:15:00;1.32309;1.32431;1.32233;1.32327
2026-10-04 19:30:00;1.32345;1.3244;1.32317;1.32344
2026-10-04 19:45:00;1.32352;1.32435;1.32348;1.32412
2026-10-04 20:00:00;1.32403;1.3244;1.32369;1.3241
2026-10-04 20:15:00;1.32405;1.32414;1.32378;1.32399
2026-10-04 20:30:00;1.32399;1.32421;1.32256;1.32397
2026-10-04 20:45:00;1.32374;1.3242;1.32303;1.32414
2026-10-04 21:00:00;1.32408;1.32417;1.32373;1.32399
2026-10-04 21:15:00;1.32391;1.32419;1.32389;1.32408
2026-10-04 21:30:00;1.32405;1.32435;1.32405;1.3242
2026-10-04 21:45:00;1.32416;1.32452;1.32391;1.32414
2026-10-04 22:00:00;1.32412;1.32488;1.32396;1.32487
2026-10-04 22:15:00;1.32483;1.32494;1.32478;1.32491
2026-10-04 22:30:00;1.32489;1.32506;1.32473;1.32477
2026-10-04 22:45:00;1.32478;1.32508;1.3247;1.32481
2026-10-04 23:00:00;1.32478;1.32479;1.32452;1.32463
2026-10-04 23:15:00;1.3246;1.32467;1.32433;1.3245
2026-10-04 23:30:00;1.32448;1.32451;1.32424;1.32425
2026-10-04 23:45:00;1.32426;1.32431;1.32387;1.3243
2026-10-05 00:00:00;1.32428;1.32448;1.32398;1.32401
2026-10-05 00:15:00;1.32406;1.3241;1.32385;1.32394
2026-10-05 00:30:00;1.32392;1.3242;1.32381;1.32418
2026-10-05 00:45:00;1.32416;1.32425;1.32368;1.32391
2026-10-05 01:00:00;1.32387;1.32396;1.32336;1.32349
2026-10-05 01:15:00;1.3234;1.32363;1.32321;1.3236
2026-10-05 01:30:00;1.32357;1.32373;1.32333;1.32351
2026-10-05 01:45:00;1.32353;1.32377;1.3235;1.32374
2026-10-05 02:00:00;1.32369;1.32373;1.3227;1.32273
2026-10-05 02:15:00;1.32277;1.32286;1.32186;1.3221
2026-10-05 02:30:00;1.3222;1.32238;1.32192;1.32202
2026-10-05 02:45:00;1.32204;1.32225;1.31966;1.31993
2026-10-05 03:00:00;1.31987;1.32032;1.31912;1.3199
2026-10-05 03:15:00;1.31985;1.32076;1.31985;1.32073
2026-10-05 03:30:00;1.32069;1.32076;1.32015;1.32018
2026-10-05 03:45:00;1.32023;1.32045;1.3197;1.3197
2026-10-05 04:00:00;1.3197;1.32018;1.31933;1.31999
2026-10-05 04:15:00;1.31999;1.32013;1.31944;1.31951
2026-10-05 04:30:00;1.31948;1.32046;1.3193;1.32036
2026-10-05 04:45:00;1.3204;1.32088;1.32029;1.32083
2026-10-05 05:00:00;1.32077;1.32111;1.3206;1.3211
2026-10-05 05:15:00;1.32106;1.32123;1.32079;1.32092
2026-10-05 05:30:00;1.32089;1.3209;1.32048;1.32053
2026-10-05 05:45:00;1.32052;1.321;1.32038;1.32093
2026-10-05 06:00:00;1.32083;1.3215;1.32083;1.32137
2026-10-05 06:15:00;1.32139;1.32203;1.32095;1.321
2026-10-05 06:30:00;1.32105;1.32151;1.32055;1.32147
2026-10-05 06:45:00;1.32139;1.32191;1.32121;1.32185
2026-10-05 07:00:00;1.32176;1.32193;1.32125;1.32179
2026-10-05 07:15:00;1.32168;1.32193;1.32095;1.32159
2026-10-05 07:30:00;1.32157;1.32279;1.32139;1.32275
2026-10-05 07:45:00;1.32267;1.32317;1.32231;1.32277
2026-10-05 08:00:00;1.32282;1.32338;1.3224;1.32324
2026-10-05 08:15:00;1.32306;1.32363;1.32291;1.3233
2026-10-05 08:30:00;1.32336;1.32356;1.32284;1.32342
2026-10-05 08:45:00;1.32343;1.32405;1.32287;1.32308
2026-10-05 09:00:00;1.3231;1.32393;1.32275;1.3239
2026-10-05 09:15:00;1.32385;1.32403;1.32328;1.32389
2026-10-05 09:30:00;1.32388;1.32388;1.32222;1.32228
2026-10-05 09:45:00;1.32238;1.32275;1.32184;1.3227
2026-10-05 10:00:00;1.32259;1.32287;1.32216;1.32241
2026-10-05 10:15:00;1.32253;1.32285;1.32226;1.32274
2026-10-05 10:30:00;1.32276;1.3228;1.32231;1.32236
2026-10-05 10:45:00;1.32241;1.3227;1.32207;1.32214
2026-10-05 11:00:00;1.32227;1.32254;1.3218;1.32223
2026-10-05 11:15:00;1.32219;1.32292;1.32202;1.32284
2026-10-05 11:30:00;1.32269;1.3231;1.32158;1.32165
2026-10-05 11:45:00;1.3217;1.32274;1.3217;1.32261
2026-10-05 12:00:00;1.32263;1.32308;1.32235;1.32236
2026-10-05 12:15:00;1.32241;1.32262;1.32165;1.32225
2026-10-05 12:30:00;1.32227;1.32266;1.32182;1.32183
2026-10-05 12:45:00;1.32184;1.32204;1.32135;1.32193
2026-10-05 13:00:00;1.32187;1.3222;1.32107;1.32109
2026-10-05 13:15:00;1.32112;1.32143;1.32025;1.32029
2026-10-05 13:30:00;1.32034;1.32046;1.31946;1.31964
2026-10-05 13:45:00;1.3197;1.31985;1.31913;1.31983
2026-10-05 14:00:00;1.31976;1.32079;1.3195;1.32066
2026-10-05 14:15:00;1.32067;1.32073;1.31994;1.32035
2026-10-05 14:30:00;1.32033;1.32109;1.32021;1.32078
2026-10-05 14:45:00;1.3208;1.3222;1.32066;1.32218
2026-10-05 15:00:00;1.32212;1.32285;1.32182;1.32232
2026-10-05 15:15:00;1.32231;1.32231;1.32146;1.32218
2026-10-05 15:30:00;1.3221;1.3223;1.32144;1.32202
2026-10-05 15:45:00;1.32204;1.32204;1.32163;1.32172
2026-10-05 16:00:00;1.32181;1.32181;1.32048;1.32056
2026-10-05 16:15:00;1.32058;1.32127;1.32058;1.32107
2026-10-05 16:30:00;1.32103;1.32173;1.32094;1.32171
2026-10-05 16:45:00;1.32165;1.32202;1.32137;1.32163
2026-10-05 17:00:00;1.32177;1.32177;1.32052;1.3207
2026-10-05 17:15:00;1.32069;1.3212;1.32063;1.32119
2026-10-05 17:30:00;1.32115;1.32141;1.32101;1.32125
2026-10-05 17:45:00;1.32123;1.32154;1.32113;1.32152
2026-10-05 18:00:00;1.32145;1.32198;1.32141;1.32155
2026-10-05 18:15:00;1.32164;1.32164;1.32108;1.32156
2026-10-05 18:30:00;1.32146;1.32184;1.32135;1.3217
2026-10-05 18:45:00;1.32168;1.322;1.32158;1.322
2026-10-05 19:00:00;1.32196;1.3221;1.32172;1.32199
2026-10-05 19:15:00;1.32197;1.32248;1.32195;1.32213
2026-10-05 19:30:00;1.32215;1.32229;1.32191;1.32214
2026-10-05 19:45:00;1.32215;1.3223;1.32191;1.32229
2026-10-05 20:00:00;1.32226;1.32242;1.32214;1.32226
2026-10-05 20:15:00;1.32223;1.32229;1.3221;1.32216
2026-10-05 20:30:00;1.32217;1.32232;1.32207;1.32221
2026-10-05 20:45:00;1.32224;1.32246;1.32224;1.32232
2026-10-05 21:00:00;1.32233;1.32249;1.32146;1.32212
2026-10-05 21:15:00;1.32209;1.32219;1.32198;1.32208
2026-10-05 21:30:00;1.32209;1.32209;1.32188;1.32196
2026-10-05 21:45:00;1.32199;1.32211;1.32191;1.3221
2026-10-05 22:00:00;1.32209;1.32266;1.322;1.32249
2026-10-05 22:15:00;1.32246;1.32248;1.32231;1.32239
2026-10-05 22:30:00;1.32236;1.3225;1.32226;1.32226
2026-10-05 22:45:00;1.32228;1.32242;1.32217;1.32218
2026-10-05 23:00:00;1.32219;1.3222;1.32205;1.32215
2026-10-05 23:15:00;1.32212;1.32238;1.32207;1.32233
2026-10-05 23:30:00;1.32231;1.32248;1.32217;1.32228
2026-10-05 23:45:00;1.32226;1.3223;1.32188;1.32188
2026-10-06 00:00:00;1.32189;1.32195;1.32163;1.32185
2026-10-06 00:15:00;1.32183;1.32201;1.32168;1.32174
2026-10-06 00:30:00;1.32171;1.32206;1.32171;1.32205
2026-10-06 00:45:00;1.32203;1.32223;1.32197;1.32219
2026-10-06 01:00:00;1.32213;1.32287;1.32213;1.32266
2026-10-06 01:15:00;1.32269;1.32299;1.32247;1.32298
2026-10-06 01:30:00;1.32292;1.32316;1.32266;1.32283
2026-10-06 01:45:00;1.32281;1.32285;1.32207;1.32226
2026-10-06 02:00:00;1.32226;1.32226;1.32169;1.32172
2026-10-06 02:15:00;1.32176;1.32176;1.32158;1.32168
2026-10-06 02:30:00;1.32165;1.32171;1.32137;1.32145
2026-10-06 02:45:00;1.32145;1.32164;1.32141;1.32142
2026-10-06 03:00:00;1.32143;1.32174;1.3213;1.32173
2026-10-06 03:15:00;1.32169;1.32212;1.32168;1.32211
2026-10-06 03:30:00;1.32205;1.32237;1.32196;1.32234
2026-10-06 03:45:00;1.32228;1.32242;1.3221;1.32211
2026-10-06 04:00:00;1.32212;1.3222;1.32181;1.32187
2026-10-06 04:15:00;1.32185;1.32189;1.32163;1.32169
2026-10-06 04:30:00;1.32166;1.32187;1.32163;1.32164
2026-10-06 04:45:00;1.32166;1.32179;1.32155;1.32163
2026-10-06 05:00:00;1.32164;1.32184;1.32154;1.32183
2026-10-06 05:15:00;1.3218;1.32189;1.32132;1.3214
2026-10-06 05:30:00;1.32135;1.32169;1.32135;1.32144
2026-10-06 05:45:00;1.32142;1.32149;1.32118;1.32121
2026-10-06 06:00:00;1.3213;1.32157;1.32027;1.32028
2026-10-06 06:15:00;1.32031;1.32103;1.32021;1.32063
2026-10-06 06:30:00;1.32066;1.32121;1.3206;1.32081
2026-10-06 06:45:00;1.32083;1.32171;1.32076;1.32157
2026-10-06 07:00:00;1.3215;1.32205;1.32099;1.3218
2026-10-06 07:15:00;1.32163;1.32288;1.32163;1.32214
2026-10-06 07:30:00;1.32219;1.32326;1.32188;1.32318
2026-10-06 07:45:00;1.32296;1.32392;1.32291;1.32387
2026-10-06 08:00:00;1.3238;1.324;1.32284;1.32305
2026-10-06 08:15:00;1.32302;1.32311;1.32278;1.32301
2026-10-06 08:30:00;1.32302;1.32449;1.32298;1.32447
2026-10-06 08:45:00;1.32441;1.32441;1.32373;1.32412
2026-10-06 09:00:00;1.32407;1.32463;1.3237;1.32372
2026-10-06 09:15:00;1.32375;1.3241;1.32357;1.32388
2026-10-06 09:30:00;1.3239;1.3244;1.32364;1.32371
2026-10-06 09:45:00;1.32385;1.32426;1.32359;1.32417
2026-10-06 10:00:00;1.32413;1.32475;1.32412;1.32459
2026-10-06 10:15:00;1.32451;1.32482;1.32431;1.32481
2026-10-06 10:30:00;1.32477;1.32488;1.32463;1.3248
2026-10-06 10:45:00;1.32477;1.32483;1.32463;1.32465
2026-10-06 11:00:00;1.32467;1.32544;1.32447;1.32533
2026-10-06 11:15:00;1.32517;1.32685;1.32517;1.32675
2026-10-06 11:30:00;1.32676;1.32814;1.32645;1.3281
2026-10-06 11:45:00;1.32801;1.32828;1.32732;1.32764
2026-10-06 12:00:00;1.32756;1.32848;1.32755;1.32812
2026-10-06 12:15:00;1.32805;1.32818;1.32726;1.32727
2026-10-06 12:30:00;1.32729;1.32788;1.32712;1.32768
2026-10-06 12:45:00;1.32771;1.32771;1.32723;1.32731
2026-10-06 13:00:00;1.32728;1.3283;1.32727;1.32829
2026-10-06 13:15:00;1.32825;1.32825;1.32673;1.32718
2026-10-06 13:30:00;1.32702;1.32746;1.32638;1.32661
2026-10-06 13:45:00;1.32651;1.32679;1.32644;1.32657
2026-10-06 14:00:00;1.32659;1.32739;1.32645;1.32737
2026-10-06 14:15:00;1.32732;1.32732;1.32626;1.32655
2026-10-06 14:30:00;1.32647;1.32707;1.32645;1.32681
2026-10-06 14:45:00;1.32674;1.32788;1.32674;1.32777
2026-10-06 15:00:00;1.32765;1.32809;1.32752;1.32764
2026-10-06 15:15:00;1.32766;1.32841;1.32766;1.32839
2026-10-06 15:30:00;1.32835;1.32852;1.3279;1.32836
2026-10-06 15:45:00;1.32829;1.32859;1.32767;1.3277
2026-10-06 16:00:00;1.32775;1.32781;1.32674;1.32679
2026-10-06 16:15:00;1.32678;1.32738;1.32678;1.32728
2026-10-06 16:30:00;1.32729;1.32742;1.32712;1.32724
2026-10-06 16:45:00;1.32726;1.32737;1.32696;1.32715
2026-10-06 17:00:00;1.32708;1.3275;1.32688;1.32703
2026-10-06 17:15:00;1.32703;1.32731;1.32703;1.32718
2026-10-06 17:30:00;1.32719;1.32779;1.32719;1.32778
2026-10-06 17:45:00;1.32775;1.32797;1.32755;1.32796
2026-10-06 18:00:00;1.32791;1.32804;1.3277;1.32797
2026-10-06 18:15:00;1.32798;1.32802;1.3276;1.3278
2026-10-06 18:30:00;1.32778;1.3278;1.32744;1.32752
2026-10-06 18:45:00;1.32751;1.32779;1.32739;1.32777
2026-10-06 19:00:00;1.32769;1.32784;1.32753;1.32765
2026-10-06 19:15:00;1.32762;1.3279;1.32762;1.32775
2026-10-06 19:30:00;1.32775;1.3278;1.32749;1.32755
2026-10-06 19:45:00;1.32756;1.32771;1.32741;1.32769
2026-10-06 20:00:00;1.32764;1.32781;1.32736;1.32776
2026-10-06 20:15:00;1.32773;1.32779;1.32763;1.32777
2026-10-06 20:30:00;1.32774;1.32778;1.3272;1.32721
2026-10-06 20:45:00;1.32722;1.32755;1.32709;1.32753
2026-10-06 21:00:00;1.32746;1.32768;1.32679;1.32719
2026-10-06 21:15:00;1.32713;1.32732;1.32679;1.32698
2026-10-06 21:30:00;1.32701;1.32739;1.32677;1.32726
2026-10-06 21:45:00;1.32729;1.32747;1.32723;1.32733
2026-10-06 22:00:00;1.32732;1.32749;1.32714;1.32745
2026-10-06 22:15:00;1.32742;1.3275;1.32739;1.32745
2026-10-06 22:30:00;1.32743;1.32748;1.32727;1.32727
2026-10-06 22:45:00;1.32729;1.32736;1.32711;1.32713
2026-10-06 23:00:00;1.32717;1.32728;1.327;1.32705
2026-10-06 23:15:00;1.32703;1.32709;1.32696;1.32701
2026-10-06 23:30:00;1.32697;1.32708;1.32682;1.32682
2026-10-06 23:45:00;1.32684;1.32693;1.32661;1.3267
2026-10-07 00:00:00;1.3267;1.32686;1.32632;1.32659
2026-10-07 00:15:00;1.32657;1.32669;1.32632;1.32641
2026-10-07 00:30:00;1.32639;1.32644;1.32606;1.32638
2026-10-07 00:45:00;1.32635;1.32643;1.32626;1.32631
2026-10-07 01:00:00;1.32629;1.32629;1.326;1.32628
2026-10-07 01:15:00;1.32626;1.32626;1.32591;1.32608
2026-10-07 01:30:00;1.32605;1.32633;1.32602;1.32606
2026-10-07 01:45:00;1.32607;1.32623;1.3257;1.32571
2026-10-07 02:00:00;1.32574;1.3258;1.32506;1.32508
2026-10-07 02:15:00;1.32509;1.32522;1.32498;1.32513
2026-10-07 02:30:00;1.32504;1.32541;1.32504;1.32528
2026-10-07 02:45:00;1.32525;1.32533;1.32508;1.32519
2026-10-07 03:00:00;1.32522;1.32554;1.32516;1.32541
2026-10-07 03:15:00;1.32542;1.32551;1.32534;1.32549
2026-10-07 03:30:00;1.32546;1.32561;1.32538;1.32546
2026-10-07 03:45:00;1.32547;1.3255;1.32528;1.3253
2026-10-07 04:00:00;1.32534;1.32536;1.32506;1.32509
2026-10-07 04:15:00;1.32513;1.32513;1.32471;1.32473
2026-10-07 04:30:00;1.32473;1.32489;1.32471;1.32484
2026-10-07 04:45:00;1.32482;1.32508;1.32477;1.32496
2026-10-07 05:00:00;1.32497;1.32514;1.32477;1.32489
2026-10-07 05:15:00;1.32492;1.32494;1.32468;1.32475
2026-10-07 05:30:00;1.32473;1.32497;1.32459;1.32496
2026-10-07 05:45:00;1.32491;1.32518;1.32491;1.3251
2026-10-07 06:00:00;1.32511;1.32513;1.32452;1.32453
2026-10-07 06:15:00;1.32456;1.32464;1.32429;1.32458
2026-10-07 06:30:00;1.32446;1.32543;1.32446;1.32474
2026-10-07 06:45:00;1.3248;1.32535;1.32464;1.32534
2026-10-07 07:00:00;1.32531;1.3255;1.32486;1.32527
2026-10-07 07:15:00;1.32532;1.32562;1.32415;1.32506
2026-10-07 07:30:00;1.32504;1.32529;1.32434;1.32475
2026-10-07 07:45:00;1.32469;1.32471;1.32315;1.32366
2026-10-07 08:00:00;1.32344;1.32405;1.32344;1.32361
