,count,count,count,count,count,count,count,sum,sum,sum,sum,sum,sum,sum
pair,AUD/USD,EUR/JPY,EUR/USD,GBP/USD,NZD/USD,USD/CAD,USD/CHF,AUD/USD,EUR/JPY,EUR/USD,GBP/USD,NZD/USD,USD/CAD,USD/CHF
model,,,,,,,,,,,,,,
ASIA_SWEEP,23,23,27,20,26,35,34,-13,-3,-7,-16,-6,-3,-6
BOS_FVG,1,3,1,3,0,3,1,2,0,-1,-3,0,1,-1
BOS_OB,4,8,4,8,3,10,7,2,-5,-3,-6,1,1,-6
BREAKER,4,8,4,8,3,10,7,2,-5,-3,-6,1,1,-6
DISPLACEMENT_FVG,1,1,2,1,1,2,1,-1,-1,1,2,2,1,-1
EQHL_SWEEP,47,45,35,54,29,46,39,-7,-8,2,-18,4,-6,-19
HTF_ZONE_LTF,11,9,12,5,5,12,11,-4,4,-5,-2,-5,0,-8
IFVG,21,12,11,12,16,14,9,-5,7,-4,-3,-1,-14,-5
OB_RETEST,25,28,23,19,22,21,30,-5,-6,-2,-6,-10,-1,-12
PDHL_SWEEP,21,11,24,27,16,27,23,-1,5,-8,-14,-9,-10,2
PREMIUM_DISCOUNT,93,88,82,85,77,73,84,-12,3,2,-12,7,5,-6
SILVER_BULLET,10,9,12,14,11,12,11,3,-5,-3,-9,2,-4,-4
SWEEP_CHOCH,90,78,60,87,65,75,66,-2,-5,5,-12,7,-1,-10
TURTLE_SOUP,22,11,18,27,13,24,23,-2,5,-1,-14,-3,-10,2
UNICORN,34,28,28,32,26,38,30,-7,-17,-7,-10,-5,-14,-16
