model,trades,wins,losses,win_pct,net_R,avg_R,max_dd_R,signals_per_day
DISPLACEMENT_FVG,9,4,5,44.4,3,0.33,2,0.6
BOS_FVG,12,3,8,25.0,-2,-0.17,3,0.8
PREMIUM_DISCOUNT,582,182,377,31.3,-13,-0.02,40,38.8
BREAKER,44,7,30,15.9,-16,-0.36,17,2.93
BOS_OB,44,7,30,15.9,-16,-0.36,17,2.93
SWEEP_CHOCH,521,165,348,31.7,-18,-0.03,54,34.73
HTF_ZONE_LTF,65,14,48,21.5,-20,-0.31,20,4.33
SILVER_BULLET,79,16,52,20.3,-20,-0.25,24,5.27
TURTLE_SOUP,138,35,93,25.4,-23,-0.17,30,9.2
IFVG,95,22,69,23.2,-25,-0.26,34,6.33
PDHL_SWEEP,149,35,105,23.5,-35,-0.23,37,9.93
OB_RETEST,168,38,118,22.6,-42,-0.25,42,11.2
EQHL_SWEEP,295,79,210,26.8,-52,-0.18,68,19.67
ASIA_SWEEP,188,40,134,21.3,-54,-0.29,57,12.53
UNICORN,216,40,156,18.5,-76,-0.35,80,14.4
